CJ505,,13:38:46.750#,10800.000000,10940.000000,10770.000000,11970.000000,9790.000000,582,4587,10845.000000,1,10850.000000,1,10875.000000,1,10880.000000,9,10920.000000,1,10935.000000,1,10950.000000,18,10960.000000,1,10965.000000,1,10970.000000,1,10930.000000
CJ505,,13:38:47.0#,10800.000000,10940.000000,10770.000000,11970.000000,9790.000000,582,4587,10845.000000,1,10850.000000,1,10875.000000,1,10880.000000,9,10920.000000,1,10930.000000,1,10950.000000,18,10960.000000,1,10965.000000,1,10970.000000,1,10930.000000
CJ505,,13:38:47.250#,10800.000000,10940.000000,10770.000000,11970.000000,9790.000000,582,4587,10845.000000,1,10850.000000,1,10875.000000,1,10880.000000,9,10925.000000,1,10935.000000,2,10950.000000,18,10960.000000,1,10965.000000,1,10970.000000,1,10930.000000
CJ505,,13:38:49.0#,10800.000000,10940.000000,10770.000000,11970.000000,9790.000000,585,4585,10845.000000,1,10850.000000,1,10875.000000,1,10880.000000,9,10925.000000,1,10935.000000,5,10950.000000,18,10960.000000,1,10965.000000,1,10970.000000,1,10935.000000
CJ505,,13:38:51.0#,10800.000000,10940.000000,10770.000000,11970.000000,9790.000000,585,4585,10850.000000,1,10875.000000,1,10880.000000,1,10895.000000,8,10925.000000,1,10935.000000,5,10950.000000,18,10960.000000,1,10965.000000,1,10970.000000,1,10935.000000
CJ505,,13:38:51.500#,10800.000000,10940.000000,10770.000000,11970.000000,9790.000000,585,4585,10850.000000,1,10875.000000,1,10880.000000,1,10895.000000,8,10925.000000,1,10935.000000,5,10950.000000,18,10960.000000,1,10965.000000,1,10970.000000,1,10935.000000
CJ505,,13:38:53.0#,10800.000000,10940.000000,10770.000000,11970.000000,9790.000000,585,4585,10850.000000,1,10875.000000,1,10880.000000,1,10895.000000,8,10925.000000,1,10935.000000,5,10940.000000,1,10950.000000,18,10960.000000,1,10965.000000,1,10935.000000
CJ505,,13:38:54.0#,10800.000000,10940.000000,10770.000000,11970.000000,9790.000000,585,4585,10850.000000,1,10875.000000,1,10880.000000,1,10895.000000,8,10925.000000,1,10935.000000,5,10940.000000,1,10950.000000,18,10960.000000,1,10965.000000,1,10935.000000
CJ505,,13:38:55.750#,10800.000000,10940.000000,10770.000000,11970.000000,9790.000000,585,4585,10850.000000,1,10875.000000,1,10880.000000,1,10895.000000,8,10920.000000,1,10935.000000,5,10940.000000,1,10950.000000,18,10960.000000,1,10965.000000,1,10935.000000
CJ505,,13:38:57.250#,10800.000000,10940.000000,10770.000000,11970.000000,9790.000000,585,4585,10850.000000,1,10875.000000,1,10880.000000,1,10895.000000,8,10920.000000,1,10930.000000,1,10940.000000,1,10950.000000,18,10960.000000,1,10965.000000,1,10935.000000
CJ505,,13:38:57.500#,10800.000000,10940.000000,10770.000000,11970.000000,9790.000000,585,4585,10850.000000,1,10875.000000,1,10880.000000,1,10895.000000,8,10925.000000,1,10935.000000,5,10940.000000,1,10950.000000,18,10960.000000,1,10965.000000,1,10935.000000
CJ505,,13:39:03.500#,10800.000000,10940.000000,10770.000000,11970.000000,9790.000000,585,4585,10850.000000,1,10875.000000,1,10880.000000,1,10895.000000,8,10920.000000,1,10935.000000,5,10940.000000,1,10950.000000,18,10960.000000,1,10965.000000,1,10935.000000
CJ505,,13:39:04.250#,10800.000000,10940.000000,10770.000000,11970.000000,9790.000000,585,4585,10850.000000,1,10875.000000,1,10880.000000,1,10895.000000,8,10920.000000,1,10930.000000,4,10940.000000,1,10950.000000,18,10960.000000,1,10965.000000,1,10935.000000
CJ505,,13:39:05.0#,10800.000000,10940.000000,10770.000000,11970.000000,9790.000000,585,4585,10850.000000,1,10875.000000,1,10880.000000,1,10895.000000,8,10920.000000,1,10930.000000,5,10940.000000,1,10950.000000,18,10960.000000,1,10965.000000,1,10935.000000
CJ505,,13:39:08.0#,10800.000000,10940.000000,10770.000000,11970.000000,9790.000000,585,4585,10850.000000,1,10875.000000,1,10880.000000,1,10895.000000,8,10920.000000,1,10930.000000,4,10940.000000,1,10950.000000,18,10960.000000,1,10965.000000,1,10935.000000
CJ505,,13:39:08.500#,10800.000000,10940.000000,10770.000000,11970.000000,9790.000000,585,4585,10850.000000,1,10875.000000,1,10880.000000,1,10895.000000,8,10920.000000,1,10930.000000,4,10940.000000,1,10950.000000,18,10960.000000,1,10965.000000,1,10935.000000
CJ505,,13:39:09.750#,10800.000000,10940.000000,10770.000000,11970.000000,9790.000000,585,4585,10850.000000,1,10875.000000,1,10880.000000,1,10895.000000,8,10920.000000,1,10930.000000,5,10940.000000,1,10950.000000,18,10960.000000,1,10965.000000,1,10935.000000
CJ505,,13:39:16.250#,10800.000000,10940.000000,10770.000000,11970.000000,9790.000000,586,4585,10850.000000,1,10875.000000,1,10880.000000,1,10895.000000,8,10920.000000,1,10930.000000,5,10940.000000,1,10950.000000,18,10960.000000,1,10965.000000,1,10895.000000
CJ505,,13:39:35.750#,10800.000000,10940.000000,10770.000000,11970.000000,9790.000000,586,4585,10850.000000,1,10875.000000,1,10880.000000,1,10895.000000,8,10920.000000,1,10930.000000,5,10940.000000,1,10950.000000,18,10960.000000,2,10965.000000,1,10895.000000
CJ505,,13:39:39.250#,10800.000000,10940.000000,10770.000000,11970.000000,9790.000000,586,4585,10850.000000,1,10875.000000,1,10880.000000,1,10895.000000,8,10920.000000,1,10930.000000,5,10935.000000,1,10940.000000,1,10950.000000,18,10960.000000,2,10895.000000
CJ505,,13:39:41.750#,10800.000000,10940.000000,10770.000000,11970.000000,9790.000000,586,4585,10870.000000,1,10875.000000,1,10880.000000,1,10895.000000,8,10920.000000,1,10930.000000,5,10935.000000,1,10940.000000,1,10950.000000,18,10960.000000,2,10895.000000
CJ505,,13:39:42.250#,10800.000000,10940.000000,10770.000000,11970.000000,9790.000000,586,4585,10870.000000,1,10875.000000,1,10880.000000,1,10895.000000,8,10920.000000,2,10930.000000,5,10935.000000,1,10940.000000,1,10950.000000,18,10960.000000,2,10895.000000
CJ505,,13:39:46.250#,10800.000000,10940.000000,10770.000000,11970.000000,9790.000000,586,4585,10870.000000,1,10875.000000,1,10880.000000,1,10895.000000,8,10920.000000,2,10930.000000,4,10935.000000,1,10940.000000,1,10950.000000,18,10960.000000,2,10895.000000
CJ505,,13:39:48.0#,10800.000000,10940.000000,10770.000000,11970.000000,9790.000000,586,4585,10870.000000,1,10875.000000,1,10880.000000,1,10895.000000,8,10920.000000,2,10930.000000,5,10935.000000,1,10940.000000,1,10950.000000,18,10960.000000,2,10895.000000
CJ505,,13:39:49.0#,10800.000000,10940.000000,10770.000000,11970.000000,9790.000000,586,4585,10870.000000,1,10875.000000,1,10880.000000,1,10895.000000,8,10920.000000,2,10930.000000,2,10935.000000,1,10940.000000,1,10950.000000,18,10960.000000,2,10895.000000
CJ505,,13:39:49.500#,10800.000000,10940.000000,10770.000000,11970.000000,9790.000000,586,4585,10870.000000,1,10875.000000,1,10880.000000,1,10895.000000,8,10920.000000,2,10930.000000,5,10935.000000,1,10940.000000,1,10950.000000,18,10960.000000,2,10895.000000
CJ505,,13:39:51.250#,10800.000000,10940.000000,10770.000000,11970.000000,9790.000000,586,4585,10870.000000,1,10875.000000,1,10880.000000,1,10895.000000,8,10920.000000,1,10930.000000,5,10935.000000,1,10940.000000,1,10950.000000,18,10960.000000,2,10895.000000
CJ505,,13:39:56.250#,10800.000000,10940.000000,10770.000000,11970.000000,9790.000000,586,4585,10870.000000,1,10875.000000,1,10880.000000,1,10895.000000,8,10915.000000,1,10930.000000,5,10935.000000,1,10940.000000,1,10950.000000,18,10960.000000,2,10895.000000
CJ505,,13:39:56.500#,10800.000000,10940.000000,10770.000000,11970.000000,9790.000000,586,4585,10870.000000,1,10875.000000,1,10880.000000,1,10895.000000,8,10915.000000,1,10925.000000,4,10935.000000,1,10940.000000,1,10950.000000,18,10960.000000,2,10895.000000
CJ505,,13:39:56.750#,10800.000000,10940.000000,10770.000000,11970.000000,9790.000000,586,4585,10870.000000,1,10875.000000,1,10880.000000,1,10895.000000,8,10915.000000,1,10925.000000,5,10935.000000,1,10940.000000,1,10950.000000,18,10960.000000,2,10895.000000
CJ505,,13:40:01.500#,10800.000000,10940.000000,10770.000000,11970.000000,9790.000000,586,4585,10870.000000,1,10875.000000,1,10880.000000,1,10895.000000,8,10915.000000,1,10925.000000,2,10935.000000,1,10940.000000,1,10950.000000,18,10960.000000,2,10895.000000
CJ505,,13:40:01.750#,10800.000000,10940.000000,10770.000000,11970.000000,9790.000000,586,4585,10870.000000,1,10875.000000,1,10880.000000,1,10895.000000,8,10920.000000,1,10930.000000,5,10935.000000,1,10940.000000,1,10950.000000,18,10960.000000,2,10895.000000
CJ505,,13:40:06.250#,10800.000000,10940.000000,10770.000000,11970.000000,9790.000000,586,4585,10870.000000,1,10875.000000,1,10880.000000,1,10895.000000,8,10925.000000,1,10935.000000,6,10940.000000,1,10950.000000,18,10960.000000,2,10965.000000,1,10895.000000
CJ505,,13:40:09.500#,10800.000000,10940.000000,10770.000000,11970.000000,9790.000000,586,4585,10870.000000,1,10875.000000,1,10880.000000,1,10895.000000,8,10920.000000,1,10930.000000,1,10935.000000,1,10940.000000,1,10950.000000,18,10960.000000,2,10895.000000
CJ505,,13:40:10.750#,10800.000000,10940.000000,10770.000000,11970.000000,9790.000000,586,4585,10870.000000,1,10875.000000,1,10880.000000,1,10895.000000,8,10920.000000,1,10930.000000,5,10935.000000,1,10940.000000,1,10950.000000,18,10960.000000,2,10895.000000
CJ505,,13:40:12.0#,10800.000000,10940.000000,10770.000000,11970.000000,9790.000000,586,4585,10870.000000,1,10875.000000,1,10880.000000,1,10895.000000,8,10915.000000,1,10925.000000,1,10935.000000,1,10940.000000,1,10950.000000,18,10960.000000,2,10895.000000
CJ505,,13:40:13.250#,10800.000000,10940.000000,10770.000000,11970.000000,9790.000000,586,4585,10870.000000,1,10875.000000,1,10880.000000,1,10895.000000,8,10915.000000,1,10930.000000,5,10935.000000,1,10940.000000,1,10950.000000,18,10960.000000,2,10895.000000
CJ505,,13:40:19.250#,10800.000000,10940.000000,10770.000000,11970.000000,9790.000000,586,4585,10870.000000,1,10875.000000,1,10880.000000,1,10895.000000,8,10915.000000,1,10925.000000,5,10935.000000,1,10940.000000,1,10950.000000,18,10960.000000,2,10895.000000
CJ505,,13:40:22.0#,10800.000000,10940.000000,10770.000000,11970.000000,9790.000000,586,4585,10870.000000,1,10875.000000,1,10880.000000,1,10895.000000,8,10915.000000,1,10925.000000,1,10935.000000,1,10940.000000,1,10950.000000,18,10960.000000,2,10895.000000
CJ505,,13:40:22.750#,10800.000000,10940.000000,10770.000000,11970.000000,9790.000000,586,4585,10870.000000,1,10875.000000,1,10880.000000,1,10895.000000,8,10920.000000,1,10930.000000,5,10935.000000,1,10940.000000,1,10950.000000,18,10960.000000,2,10895.000000
CJ505,,13:40:27.0#,10800.000000,10940.000000,10770.000000,11970.000000,9790.000000,586,4585,10870.000000,1,10875.000000,1,10880.000000,1,10895.000000,8,10920.000000,1,10930.000000,2,10935.000000,1,10940.000000,1,10950.000000,18,10960.000000,2,10895.000000
CJ505,,13:40:33.250#,10800.000000,10940.000000,10770.000000,11970.000000,9790.000000,586,4585,10870.000000,1,10875.000000,1,10880.000000,1,10895.000000,8,10920.000000,1,10930.000000,3,10935.000000,1,10940.000000,1,10950.000000,18,10960.000000,2,10895.000000
CJ505,,13:40:33.750#,10800.000000,10940.000000,10770.000000,11970.000000,9790.000000,586,4585,10870.000000,1,10875.000000,1,10880.000000,1,10895.000000,8,10920.000000,1,10935.000000,6,10940.000000,1,10950.000000,18,10960.000000,2,10965.000000,1,10895.000000
CJ505,,13:40:37.750#,10800.000000,10940.000000,10770.000000,11970.000000,9790.000000,586,4585,10870.000000,1,10875.000000,1,10880.000000,1,10895.000000,8,10925.000000,1,10935.000000,6,10940.000000,1,10950.000000,18,10960.000000,2,10965.000000,1,10895.000000
CJ505,,13:40:38.250#,10800.000000,10940.000000,10770.000000,11970.000000,9790.000000,586,4585,10870.000000,1,10875.000000,1,10880.000000,1,10895.000000,8,10925.000000,1,10930.000000,1,10935.000000,1,10940.000000,1,10950.000000,18,10960.000000,2,10895.000000
CJ505,,13:40:46.250#,10800.000000,10940.000000,10770.000000,11970.000000,9790.000000,586,4585,10870.000000,1,10875.000000,1,10880.000000,1,10895.000000,8,10920.000000,1,10930.000000,1,10935.000000,1,10940.000000,1,10950.000000,18,10960.000000,2,10895.000000
CJ505,,13:40:49.0#,10800.000000,10940.000000,10770.000000,11970.000000,9790.000000,586,4585,10870.000000,1,10875.000000,1,10880.000000,1,10895.000000,8,10925.000000,1,10930.000000,1,10935.000000,1,10940.000000,1,10950.000000,18,10960.000000,2,10895.000000
CJ505,,13:40:52.250#,10800.000000,10940.000000,10770.000000,11970.000000,9790.000000,586,4585,10870.000000,1,10875.000000,1,10880.000000,1,10895.000000,8,10920.000000,1,10930.000000,1,10935.000000,1,10940.000000,1,10950.000000,18,10960.000000,2,10895.000000
CJ505,,13:40:53.0#,10800.000000,10940.000000,10770.000000,11970.000000,9790.000000,586,4585,10870.000000,1,10875.000000,1,10880.000000,1,10895.000000,8,10920.000000,2,10930.000000,1,10935.000000,1,10940.000000,1,10950.000000,18,10960.000000,2,10895.000000
CJ505,,13:40:53.250#,10800.000000,10940.000000,10770.000000,11970.000000,9790.000000,586,4585,10870.000000,1,10875.000000,1,10880.000000,1,10895.000000,8,10920.000000,2,10930.000000,2,10935.000000,1,10940.000000,1,10950.000000,18,10960.000000,2,10895.000000
CJ505,,13:40:53.500#,10800.000000,10940.000000,10770.000000,11970.000000,9790.000000,586,4585,10870.000000,1,10875.000000,1,10880.000000,1,10895.000000,8,10920.000000,2,10930.000000,5,10935.000000,1,10940.000000,1,10950.000000,18,10960.000000,2,10895.000000
CJ505,,13:40:56.500#,10800.000000,10940.000000,10770.000000,11970.000000,9790.000000,586,4585,10870.000000,1,10875.000000,1,10880.000000,1,10895.000000,8,10920.000000,1,10930.000000,5,10935.000000,1,10940.000000,1,10950.000000,18,10960.000000,2,10895.000000
CJ505,,13:41:03.250#,10800.000000,10940.000000,10770.000000,11970.000000,9790.000000,586,4585,10870.000000,1,10875.000000,1,10880.000000,1,10895.000000,8,10920.000000,1,10930.000000,4,10935.000000,1,10940.000000,1,10950.000000,18,10960.000000,2,10895.000000
CJ505,,13:41:03.500#,10800.000000,10940.000000,10770.000000,11970.000000,9790.000000,586,4585,10870.000000,1,10875.000000,1,10880.000000,1,10895.000000,8,10920.000000,1,10930.000000,2,10935.000000,1,10940.000000,1,10950.000000,18,10960.000000,2,10895.000000
CJ505,,13:41:03.750#,10800.000000,10940.000000,10770.000000,11970.000000,9790.000000,586,4585,10870.000000,1,10875.000000,1,10880.000000,1,10895.000000,8,10920.000000,1,10930.000000,6,10935.000000,1,10940.000000,1,10950.000000,18,10960.000000,2,10895.000000
CJ505,,13:41:16.500#,10800.000000,10940.000000,10770.000000,11970.000000,9790.000000,586,4585,10870.000000,1,10875.000000,1,10880.000000,1,10895.000000,8,10915.000000,1,10930.000000,6,10935.000000,1,10940.000000,1,10950.000000,18,10960.000000,2,10895.000000
CJ505,,13:41:16.750#,10800.000000,10940.000000,10770.000000,11970.000000,9790.000000,586,4585,10870.000000,1,10875.000000,1,10880.000000,1,10895.000000,8,10915.000000,1,10925.000000,4,10930.000000,1,10935.000000,1,10940.000000,1,10950.000000,18,10895.000000
CJ505,,13:41:23.0#,10800.000000,10940.000000,10770.000000,11970.000000,9790.000000,586,4585,10870.000000,1,10875.000000,1,10880.000000,1,10895.000000,8,10915.000000,1,10925.000000,4,10930.000000,1,10935.000000,1,10940.000000,1,10950.000000,18,10895.000000
CJ505,,13:41:23.250#,10800.000000,10940.000000,10770.000000,11970.000000,9790.000000,586,4585,10870.000000,1,10875.000000,1,10880.000000,1,10895.000000,8,10920.000000,1,10930.000000,6,10935.000000,1,10940.000000,1,10950.000000,18,10960.000000,2,10895.000000
CJ505,,13:41:23.750#,10800.000000,10940.000000,10770.000000,11970.000000,9790.000000,586,4585,10870.000000,1,10875.000000,1,10880.000000,1,10895.000000,8,10915.000000,1,10930.000000,6,10935.000000,1,10940.000000,1,10950.000000,18,10960.000000,2,10895.000000
CJ505,,13:41:24.0#,10800.000000,10940.000000,10770.000000,11970.000000,9790.000000,586,4585,10870.000000,1,10875.000000,1,10880.000000,1,10895.000000,8,10915.000000,1,10925.000000,2,10930.000000,1,10935.000000,1,10940.000000,1,10950.000000,18,10895.000000
CJ505,,13:41:26.250#,10800.000000,10940.000000,10770.000000,11970.000000,9790.000000,586,4585,10870.000000,1,10875.000000,1,10880.000000,1,10895.000000,8,10920.000000,1,10930.000000,6,10935.000000,1,10940.000000,1,10950.000000,18,10960.000000,2,10895.000000
CJ505,,13:41:30.500#,10800.000000,10940.000000,10770.000000,11970.000000,9790.000000,586,4585,10870.000000,1,10875.000000,1,10880.000000,1,10895.000000,8,10920.000000,1,10925.000000,1,10930.000000,1,10935.000000,1,10940.000000,1,10950.000000,18,10895.000000
CJ505,,13:41:32.500#,10800.000000,10940.000000,10770.000000,11970.000000,9790.000000,586,4585,10870.000000,1,10875.000000,1,10880.000000,1,10895.000000,8,10920.000000,1,10925.000000,6,10930.000000,1,10935.000000,1,10940.000000,1,10950.000000,18,10895.000000
CJ505,,13:41:34.0#,10800.000000,10940.000000,10770.000000,11970.000000,9790.000000,586,4585,10850.000000,1,10875.000000,1,10880.000000,1,10895.000000,8,10920.000000,1,10925.000000,6,10930.000000,1,10935.000000,1,10940.000000,1,10950.000000,18,10895.000000
CJ505,,13:41:35.500#,10800.000000,10940.000000,10770.000000,11970.000000,9790.000000,591,4588,10850.000000,1,10875.000000,1,10880.000000,1,10895.000000,8,10920.000000,2,10925.000000,6,10930.000000,1,10935.000000,1,10940.000000,1,10950.000000,18,10920.000000
CJ505,,13:41:37.500#,10800.000000,10940.000000,10770.000000,11970.000000,9790.000000,591,4588,10850.000000,1,10875.000000,1,10880.000000,1,10895.000000,8,10915.000000,2,10920.000000,5,10925.000000,6,10930.000000,1,10935.000000,1,10940.000000,1,10920.000000
CJ505,,13:41:39.750#,10800.000000,10940.000000,10770.000000,11970.000000,9790.000000,593,4590,10850.000000,1,10875.000000,1,10880.000000,1,10895.000000,8,10915.000000,1,10920.000000,3,10925.000000,6,10930.000000,1,10935.000000,1,10940.000000,1,10920.000000
CJ505,,13:41:40.0#,10800.000000,10940.000000,10770.000000,11970.000000,9790.000000,594,4591,10850.000000,1,10875.000000,1,10880.000000,1,10895.000000,8,10915.000000,2,10920.000000,2,10925.000000,6,10930.000000,1,10935.000000,1,10940.000000,1,10920.000000
CJ505,,13:41:42.250#,10800.000000,10940.000000,10770.000000,11970.000000,9790.000000,594,4591,10850.000000,1,10875.000000,1,10880.000000,1,10895.000000,8,10915.000000,2,10920.000000,2,10925.000000,6,10930.000000,6,10935.000000,1,10940.000000,1,10920.000000
CJ505,,13:41:43.500#,10800.000000,10940.000000,10770.000000,11970.000000,9790.000000,595,4592,10850.000000,1,10875.000000,1,10880.000000,1,10895.000000,8,10915.000000,1,10920.000000,1,10925.000000,6,10930.000000,6,10935.000000,1,10940.000000,1,10920.000000
CJ505,,13:41:45.500#,10800.000000,10940.000000,10770.000000,11970.000000,9790.000000,595,4592,10850.000000,1,10875.000000,1,10880.000000,1,10895.000000,8,10915.000000,1,10920.000000,1,10925.000000,6,10930.000000,6,10935.000000,6,10940.000000,1,10920.000000
CJ505,,13:41:47.0#,10800.000000,10940.000000,10770.000000,11970.000000,9790.000000,595,4592,10850.000000,1,10875.000000,1,10880.000000,1,10895.000000,8,10915.000000,1,10920.000000,1,10925.000000,6,10930.000000,6,10935.000000,11,10940.000000,1,10920.000000
CJ505,,13:41:48.750#,10800.000000,10940.000000,10770.000000,11970.000000,9790.000000,595,4592,10850.000000,1,10875.000000,1,10880.000000,1,10895.000000,8,10915.000000,1,10920.000000,1,10925.000000,6,10930.000000,6,10935.000000,11,10940.000000,6,10920.000000
CJ505,,13:41:49.0#,10800.000000,10940.000000,10770.000000,11970.000000,9790.000000,595,4592,10850.000000,1,10875.000000,1,10880.000000,1,10895.000000,8,10915.000000,1,10920.000000,1,10925.000000,6,10930.000000,6,10935.000000,10,10940.000000,6,10920.000000
CJ505,,13:41:50.250#,10800.000000,10940.000000,10770.000000,11970.000000,9790.000000,595,4592,10850.000000,1,10875.000000,1,10880.000000,1,10895.000000,8,10915.000000,1,10920.000000,1,10925.000000,6,10930.000000,6,10935.000000,10,10940.000000,6,10920.000000
CJ505,,13:41:52.0#,10800.000000,10940.000000,10770.000000,11970.000000,9790.000000,595,4592,10850.000000,1,10875.000000,1,10880.000000,1,10895.000000,8,10915.000000,1,10920.000000,1,10925.000000,6,10930.000000,6,10935.000000,10,10940.000000,6,10920.000000
CJ505,,13:41:53.500#,10800.000000,10940.000000,10770.000000,11970.000000,9790.000000,595,4592,10850.000000,1,10875.000000,1,10880.000000,1,10895.000000,8,10915.000000,1,10920.000000,1,10925.000000,6,10930.000000,6,10935.000000,10,10940.000000,6,10920.000000
CJ505,,13:41:55.250#,10800.000000,10940.000000,10770.000000,11970.000000,9790.000000,595,4592,10850.000000,1,10875.000000,1,10880.000000,1,10895.000000,8,10915.000000,1,10920.000000,1,10925.000000,6,10930.000000,6,10935.000000,10,10940.000000,6,10920.000000
CJ505,,13:41:57.250#,10800.000000,10940.000000,10770.000000,11970.000000,9790.000000,596,4593,10850.000000,1,10875.000000,1,10880.000000,1,10895.000000,8,10915.000000,1,10925.000000,6,10930.000000,6,10935.000000,10,10940.000000,6,10945.000000,5,10920.000000
CJ505,,13:41:57.750#,10800.000000,10940.000000,10770.000000,11970.000000,9790.000000,596,4593,10850.000000,1,10875.000000,1,10880.000000,1,10895.000000,8,10915.000000,1,10925.000000,5,10930.000000,6,10935.000000,10,10940.000000,6,10945.000000,5,10920.000000
CJ505,,13:41:59.250#,10800.000000,10940.000000,10770.000000,11970.000000,9790.000000,596,4593,10850.000000,1,10875.000000,1,10880.000000,1,10895.000000,8,10915.000000,1,10925.000000,5,10930.000000,6,10935.000000,10,10940.000000,6,10945.000000,5,10920.000000
CJ505,,13:42:01.0#,10800.000000,10940.000000,10770.000000,11970.000000,9790.000000,596,4593,10850.000000,1,10875.000000,1,10880.000000,1,10895.000000,8,10915.000000,1,10925.000000,5,10930.000000,6,10935.000000,10,10940.000000,6,10945.000000,5,10920.000000
CJ505,,13:42:02.750#,10800.000000,10940.000000,10770.000000,11970.000000,9790.000000,596,4593,10850.000000,1,10875.000000,1,10880.000000,1,10895.000000,8,10915.000000,1,10925.000000,5,10930.000000,6,10935.000000,10,10940.000000,6,10945.000000,5,10920.000000
CJ505,,13:42:04.500#,10800.000000,10940.000000,10770.000000,11970.000000,9790.000000,596,4593,10850.000000,1,10875.000000,1,10880.000000,1,10895.000000,8,10915.000000,1,10925.000000,5,10930.000000,6,10935.000000,10,10940.000000,6,10945.000000,5,10920.000000
CJ505,,13:42:06.750#,10800.000000,10940.000000,10770.000000,11970.000000,9790.000000,596,4593,10850.000000,1,10875.000000,1,10880.000000,1,10895.000000,8,10915.000000,1,10925.000000,5,10930.000000,6,10935.000000,10,10940.000000,6,10945.000000,5,10920.000000
CJ505,,13:42:08.500#,10800.000000,10940.000000,10770.000000,11970.000000,9790.000000,596,4593,10850.000000,1,10875.000000,1,10880.000000,1,10895.000000,8,10915.000000,1,10925.000000,5,10930.000000,6,10935.000000,10,10940.000000,6,10945.000000,5,10920.000000
CJ505,,13:42:19.0#,10800.000000,10940.000000,10770.000000,11970.000000,9790.000000,596,4593,10850.000000,1,10875.000000,1,10880.000000,1,10895.000000,8,10915.000000,1,10920.000000,5,10925.000000,5,10930.000000,6,10935.000000,10,10940.000000,6,10920.000000
CJ505,,13:42:26.0#,10800.000000,10940.000000,10770.000000,11970.000000,9790.000000,596,4593,10850.000000,1,10875.000000,1,10880.000000,1,10895.000000,8,10915.000000,1,10920.000000,5,10925.000000,5,10930.000000,6,10935.000000,10,10940.000000,6,10920.000000
CJ505,,13:42:26.500#,10800.000000,10940.000000,10770.000000,11970.000000,9790.000000,596,4593,10850.000000,1,10875.000000,1,10880.000000,1,10895.000000,8,10910.000000,1,10920.000000,5,10925.000000,5,10930.000000,6,10935.000000,10,10940.000000,6,10920.000000
CJ505,,13:42:44.500#,10800.000000,10940.000000,10770.000000,11970.000000,9790.000000,596,4593,10850.000000,1,10875.000000,1,10880.000000,1,10895.000000,8,10910.000000,1,10920.000000,5,10925.000000,5,10930.000000,5,10935.000000,10,10940.000000,6,10920.000000
CJ505,,13:42:49.500#,10800.000000,10940.000000,10770.000000,11970.000000,9790.000000,596,4593,10850.000000,1,10875.000000,1,10880.000000,1,10895.000000,8,10905.000000,1,10920.000000,5,10925.000000,5,10930.000000,5,10935.000000,10,10940.000000,6,10920.000000
CJ505,,13:42:53.500#,10800.000000,10940.000000,10770.000000,11970.000000,9790.000000,596,4593,10850.000000,1,10875.000000,1,10880.000000,1,10895.000000,8,10905.000000,1,10920.000000,7,10925.000000,5,10930.000000,5,10935.000000,10,10940.000000,6,10920.000000
CJ505,,13:42:53.750#,10800.000000,10940.000000,10770.000000,11970.000000,9790.000000,596,4593,10845.000000,1,10850.000000,1,10875.000000,1,10880.000000,9,10905.000000,1,10920.000000,7,10925.000000,5,10930.000000,5,10935.000000,10,10940.000000,6,10920.000000
CJ505,,13:42:56.0#,10800.000000,10940.000000,10770.000000,11970.000000,9790.000000,596,4593,10845.000000,1,10850.000000,1,10875.000000,1,10880.000000,9,10905.000000,1,10920.000000,8,10925.000000,5,10930.000000,5,10935.000000,10,10940.000000,6,10920.000000
CJ505,,13:42:57.250#,10800.000000,10940.000000,10770.000000,11970.000000,9790.000000,596,4593,10845.000000,1,10850.000000,1,10875.000000,1,10880.000000,9,10905.000000,1,10920.000000,8,10925.000000,6,10930.000000,5,10935.000000,10,10940.000000,6,10920.000000
CJ505,,13:43:00.500#,10800.000000,10940.000000,10770.000000,11970.000000,9790.000000,596,4593,10845.000000,1,10850.000000,1,10875.000000,1,10880.000000,9,10905.000000,1,10920.000000,10,10925.000000,6,10930.000000,5,10935.000000,10,10940.000000,6,10920.000000
CJ505,,13:43:03.500#,10800.000000,10940.000000,10770.000000,11970.000000,9790.000000,596,4593,10845.000000,1,10850.000000,1,10875.000000,1,10880.000000,9,10905.000000,1,10920.000000,8,10925.000000,6,10930.000000,5,10935.000000,10,10940.000000,6,10920.000000
CJ505,,13:43:04.500#,10800.000000,10940.000000,10770.000000,11970.000000,9790.000000,596,4593,10845.000000,1,10850.000000,1,10875.000000,1,10880.000000,9,10905.000000,1,10920.000000,9,10925.000000,6,10930.000000,5,10935.000000,10,10940.000000,6,10920.000000
CJ505,,13:43:08.250#,10800.000000,10940.000000,10770.000000,11970.000000,9790.000000,596,4593,10845.000000,1,10850.000000,1,10875.000000,1,10880.000000,9,10900.000000,1,10915.000000,2,10920.000000,5,10925.000000,6,10930.000000,5,10935.000000,10,10920.000000
CJ505,,13:43:08.500#,10800.000000,10940.000000,10770.000000,11970.000000,9790.000000,596,4593,10845.000000,1,10850.000000,1,10875.000000,1,10880.000000,9,10900.000000,1,10915.000000,3,10920.000000,5,10925.000000,6,10930.000000,5,10935.000000,10,10920.000000
CJ505,,13:43:09.500#,10800.000000,10940.000000,10770.000000,11970.000000,9790.000000,596,4593,10845.000000,1,10850.000000,1,10875.000000,1,10880.000000,9,10900.000000,1,10915.000000,2,10920.000000,5,10925.000000,6,10930.000000,5,10935.000000,10,10920.000000
CJ505,,13:43:10.250#,10800.000000,10940.000000,10770.000000,11970.000000,9790.000000,596,4593,10845.000000,1,10850.000000,1,10875.000000,1,10880.000000,9,10900.000000,1,10915.000000,5,10920.000000,5,10925.000000,6,10930.000000,5,10935.000000,10,10920.000000
CJ505,,13:43:11.500#,10800.000000,10940.000000,10770.000000,11970.000000,9790.000000,596,4593,10845.000000,1,10850.000000,1,10875.000000,1,10880.000000,9,10900.000000,1,10915.000000,4,10920.000000,5,10925.000000,6,10930.000000,5,10935.000000,10,10920.000000
CJ505,,13:43:11.750#,10800.000000,10940.000000,10770.000000,11970.000000,9790.000000,596,4593,10845.000000,1,10850.000000,1,10875.000000,1,10880.000000,9,10900.000000,1,10915.000000,3,10920.000000,5,10925.000000,6,10930.000000,5,10935.000000,10,10920.000000
CJ505,,13:43:12.250#,10800.000000,10940.000000,10770.000000,11970.000000,9790.000000,596,4593,10845.000000,1,10850.000000,1,10875.000000,1,10880.000000,9,10900.000000,1,10915.000000,2,10920.000000,5,10925.000000,6,10930.000000,5,10935.000000,10,10920.000000
CJ505,,13:43:13.750#,10800.000000,10940.000000,10770.000000,11970.000000,9790.000000,596,4593,10845.000000,1,10850.000000,1,10875.000000,1,10880.000000,9,10900.000000,1,10915.000000,3,10920.000000,5,10925.000000,6,10930.000000,5,10935.000000,10,10920.000000
CJ505,,13:43:14.250#,10800.000000,10940.000000,10770.000000,11970.000000,9790.000000,596,4593,10845.000000,1,10850.000000,1,10875.000000,1,10880.000000,9,10900.000000,1,10915.000000,2,10920.000000,5,10925.000000,6,10930.000000,5,10935.000000,10,10920.000000
CJ505,,13:43:14.500#,10800.000000,10940.000000,10770.000000,11970.000000,9790.000000,596,4593,10845.000000,1,10850.000000,1,10875.000000,1,10880.000000,9,10900.000000,1,10915.000000,5,10920.000000,5,10925.000000,6,10930.000000,5,10935.000000,10,10920.000000
CJ505,,13:43:15.250#,10800.000000,10940.000000,10770.000000,11970.000000,9790.000000,596,4593,10845.000000,1,10850.000000,1,10875.000000,1,10880.000000,9,10895.000000,1,10910.000000,1,10920.000000,5,10925.000000,6,10930.000000,5,10935.000000,10,10920.000000
CJ505,,13:43:15.750#,10800.000000,10940.000000,10770.000000,11970.000000,9790.000000,596,4593,10845.000000,1,10850.000000,1,10875.000000,1,10880.000000,9,10895.000000,1,10910.000000,2,10920.000000,5,10925.000000,6,10930.000000,5,10935.000000,10,10920.000000
CJ505,,13:43:20.500#,10800.000000,10940.000000,10770.000000,11970.000000,9790.000000,596,4593,10845.000000,1,10850.000000,1,10875.000000,1,10880.000000,9,10895.000000,1,10910.000000,3,10920.000000,5,10925.000000,6,10930.000000,5,10935.000000,10,10920.000000
CJ505,,13:43:23.250#,10800.000000,10940.000000,10770.000000,11970.000000,9790.000000,596,4593,10845.000000,1,10850.000000,1,10875.000000,1,10880.000000,9,10895.000000,1,10910.000000,4,10920.000000,5,10925.000000,6,10930.000000,5,10935.000000,10,10920.000000
CJ505,,13:43:23.750#,10800.000000,10940.000000,10770.000000,11970.000000,9790.000000,596,4593,10845.000000,1,10850.000000,1,10875.000000,1,10880.000000,9,10895.000000,1,10910.000000,3,10920.000000,5,10925.000000,6,10930.000000,5,10935.000000,10,10920.000000
CJ505,,13:43:27.0#,10800.000000,10940.000000,10770.000000,11970.000000,9790.000000,596,4593,10845.000000,1,10850.000000,1,10875.000000,1,10880.000000,9,10895.000000,1,10910.000000,2,10920.000000,5,10925.000000,6,10930.000000,5,10935.000000,10,10920.000000
CJ505,,13:43:31.750#,10800.000000,10940.000000,10770.000000,11970.000000,9790.000000,596,4593,10845.000000,1,10850.000000,1,10875.000000,1,10880.000000,9,10895.000000,1,10910.000000,3,10920.000000,5,10925.000000,6,10930.000000,5,10935.000000,10,10920.000000
CJ505,,13:43:32.0#,10800.000000,10940.000000,10770.000000,11970.000000,9790.000000,596,4593,10845.000000,1,10850.000000,1,10875.000000,1,10880.000000,9,10895.000000,1,10910.000000,4,10920.000000,5,10925.000000,6,10930.000000,5,10935.000000,10,10920.000000
CJ505,,13:43:36.750#,10800.000000,10940.000000,10770.000000,11970.000000,9790.000000,596,4593,10845.000000,1,10850.000000,1,10875.000000,1,10880.000000,9,10895.000000,1,10910.000000,3,10920.000000,5,10925.000000,6,10930.000000,5,10935.000000,10,10920.000000
CJ505,,13:43:37.500#,10800.000000,10940.000000,10770.000000,11970.000000,9790.000000,596,4593,10845.000000,1,10850.000000,1,10875.000000,1,10880.000000,9,10895.000000,1,10910.000000,5,10920.000000,5,10925.000000,6,10930.000000,5,10935.000000,10,10920.000000
CJ505,,13:43:41.750#,10800.000000,10940.000000,10770.000000,11970.000000,9790.000000,596,4593,10845.000000,1,10850.000000,1,10875.000000,1,10880.000000,9,10895.000000,1,10910.000000,5,10920.000000,5,10925.000000,6,10930.000000,5,10935.000000,10,10920.000000
CJ505,,13:43:42.750#,10800.000000,10940.000000,10770.000000,11970.000000,9790.000000,596,4593,10845.000000,1,10850.000000,1,10875.000000,1,10880.000000,9,10895.000000,1,10910.000000,5,10920.000000,5,10925.000000,6,10930.000000,5,10935.000000,10,10920.000000
CJ505,,13:43:47.250#,10800.000000,10940.000000,10770.000000,11970.000000,9790.000000,596,4593,10845.000000,1,10850.000000,1,10875.000000,1,10880.000000,9,10900.000000,1,10915.000000,5,10920.000000,5,10925.000000,6,10930.000000,5,10935.000000,10,10920.000000
CJ505,,13:43:54.750#,10800.000000,10940.000000,10770.000000,11970.000000,9790.000000,596,4593,10845.000000,1,10850.000000,1,10875.000000,1,10880.000000,9,10895.000000,1,10915.000000,5,10920.000000,5,10925.000000,6,10930.000000,5,10935.000000,10,10920.000000
CJ505,,13:43:58.500#,10800.000000,10940.000000,10770.000000,11970.000000,9790.000000,596,4593,10845.000000,1,10850.000000,1,10875.000000,1,10880.000000,9,10895.000000,1,10910.000000,3,10920.000000,5,10925.000000,6,10930.000000,5,10935.000000,10,10920.000000
CJ505,,13:43:58.750#,10800.000000,10940.000000,10770.000000,11970.000000,9790.000000,596,4593,10845.000000,1,10850.000000,1,10875.000000,1,10880.000000,9,10895.000000,1,10910.000000,4,10920.000000,5,10925.000000,6,10930.000000,5,10935.000000,10,10920.000000
CJ505,,13:44:00.250#,10800.000000,10940.000000,10770.000000,11970.000000,9790.000000,596,4593,10845.000000,1,10850.000000,1,10875.000000,1,10880.000000,9,10895.000000,1,10910.000000,3,10920.000000,5,10925.000000,6,10930.000000,5,10935.000000,10,10920.000000
CJ505,,13:44:00.500#,10800.000000,10940.000000,10770.000000,11970.000000,9790.000000,596,4593,10845.000000,1,10850.000000,1,10875.000000,1,10880.000000,9,10895.000000,1,10915.000000,5,10920.000000,5,10925.000000,6,10930.000000,5,10935.000000,10,10920.000000
CJ505,,13:44:06.500#,10800.000000,10940.000000,10770.000000,11970.000000,9790.000000,596,4593,10845.000000,1,10850.000000,1,10875.000000,1,10880.000000,9,10895.000000,1,10915.000000,5,10920.000000,5,10925.000000,6,10930.000000,5,10935.000000,10,10920.000000
CJ505,,13:44:10.750#,10800.000000,10940.000000,10770.000000,11970.000000,9790.000000,596,4593,10845.000000,1,10850.000000,1,10875.000000,1,10880.000000,9,10900.000000,1,10915.000000,5,10920.000000,5,10925.000000,6,10930.000000,5,10935.000000,10,10920.000000
CJ505,,13:44:51.750#,10800.000000,10940.000000,10770.000000,11970.000000,9790.000000,596,4593,10845.000000,1,10850.000000,1,10875.000000,1,10880.000000,9,10900.000000,2,10915.000000,5,10920.000000,5,10925.000000,6,10930.000000,5,10935.000000,10,10920.000000
CJ505,,13:44:53.500#,10800.000000,10940.000000,10770.000000,11970.000000,9790.000000,596,4593,10845.000000,1,10850.000000,1,10875.000000,1,10880.000000,9,10900.000000,1,10910.000000,1,10920.000000,5,10925.000000,6,10930.000000,5,10935.000000,10,10920.000000
CJ505,,13:44:53.750#,10800.000000,10940.000000,10770.000000,11970.000000,9790.000000,596,4593,10845.000000,1,10850.000000,1,10875.000000,1,10880.000000,9,10900.000000,1,10915.000000,5,10920.000000,5,10925.000000,6,10930.000000,5,10935.000000,10,10920.000000
CJ505,,13:44:55.500#,10800.000000,10940.000000,10770.000000,11970.000000,9790.000000,596,4593,10845.000000,1,10850.000000,1,10875.000000,1,10880.000000,9,10900.000000,1,10910.000000,4,10920.000000,5,10925.000000,6,10930.000000,5,10935.000000,10,10920.000000
CJ505,,13:44:57.500#,10800.000000,10940.000000,10770.000000,11970.000000,9790.000000,596,4593,10845.000000,1,10850.000000,1,10875.000000,1,10880.000000,9,10900.000000,1,10910.000000,5,10920.000000,5,10925.000000,6,10930.000000,5,10935.000000,10,10920.000000
CJ505,,13:45:02.500#,10800.000000,10940.000000,10770.000000,11970.000000,9790.000000,596,4593,10845.000000,1,10850.000000,1,10875.000000,1,10880.000000,9,10900.000000,1,10910.000000,4,10920.000000,5,10925.000000,6,10930.000000,5,10935.000000,10,10920.000000
CJ505,,13:45:07.250#,10800.000000,10940.000000,10770.000000,11970.000000,9790.000000,596,4593,10845.000000,1,10850.000000,1,10875.000000,1,10880.000000,9,10900.000000,1,10910.000000,5,10920.000000,5,10925.000000,6,10930.000000,5,10935.000000,10,10920.000000
CJ505,,13:45:09.250#,10800.000000,10940.000000,10770.000000,11970.000000,9790.000000,596,4593,10845.000000,1,10850.000000,1,10875.000000,1,10880.000000,9,10900.000000,1,10910.000000,4,10920.000000,5,10925.000000,6,10930.000000,5,10935.000000,10,10920.000000
CJ505,,13:45:11.500#,10800.000000,10940.000000,10770.000000,11970.000000,9790.000000,596,4593,10845.000000,1,10850.000000,1,10875.000000,1,10880.000000,9,10900.000000,2,10915.000000,6,10920.000000,5,10925.000000,6,10930.000000,5,10935.000000,10,10920.000000
CJ505,,13:45:15.750#,10800.000000,10940.000000,10770.000000,11970.000000,9790.000000,596,4593,10850.000000,1,10875.000000,1,10880.000000,9,10900.000000,1,10905.000000,2,10915.000000,6,10920.000000,5,10925.000000,6,10930.000000,5,10935.000000,10,10920.000000
CJ505,,13:45:23.500#,10800.000000,10940.000000,10770.000000,11970.000000,9790.000000,596,4593,10845.000000,1,10850.000000,1,10875.000000,1,10880.000000,9,10900.000000,3,10915.000000,6,10920.000000,5,10925.000000,6,10930.000000,5,10935.000000,10,10920.000000
CJ505,,13:45:23.750#,10800.000000,10940.000000,10770.000000,11970.000000,9790.000000,596,4593,10845.000000,1,10850.000000,1,10875.000000,1,10880.000000,9,10900.000000,3,10910.000000,4,10920.000000,5,10925.000000,6,10930.000000,5,10935.000000,10,10920.000000
CJ505,,13:45:26.250#,10800.000000,10940.000000,10770.000000,11970.000000,9790.000000,596,4593,10845.000000,1,10850.000000,1,10875.000000,1,10880.000000,9,10900.000000,2,10910.000000,4,10920.000000,5,10925.000000,6,10930.000000,5,10935.000000,10,10920.000000
CJ505,,13:45:26.500#,10800.000000,10940.000000,10770.000000,11970.000000,9790.000000,596,4593,10845.000000,1,10850.000000,1,10875.000000,1,10880.000000,9,10905.000000,1,10910.000000,4,10920.000000,5,10925.000000,6,10930.000000,5,10935.000000,10,10920.000000
CJ505,,13:45:26.750#,10800.000000,10940.000000,10770.000000,11970.000000,9790.000000,597,4594,10845.000000,1,10850.000000,1,10875.000000,1,10880.000000,9,10900.000000,2,10910.000000,4,10920.000000,5,10925.000000,6,10930.000000,5,10935.000000,10,10905.000000
CJ505,,13:45:27.0#,10800.000000,10940.000000,10770.000000,11970.000000,9790.000000,597,4594,10845.000000,1,10850.000000,1,10875.000000,1,10880.000000,9,10900.000000,2,10910.000000,5,10920.000000,5,10925.000000,6,10930.000000,5,10935.000000,10,10905.000000
CJ505,,13:45:38.0#,10800.000000,10940.000000,10770.000000,11970.000000,9790.000000,599,4594,10845.000000,1,10850.000000,1,10875.000000,1,10880.000000,9,10895.000000,1,10910.000000,5,10920.000000,5,10925.000000,6,10930.000000,5,10935.000000,10,10900.000000
CJ505,,13:45:46.750#,10800.000000,10940.000000,10770.000000,11970.000000,9790.000000,599,4594,10845.000000,1,10850.000000,1,10875.000000,1,10880.000000,9,10890.000000,1,10910.000000,5,10920.000000,5,10925.000000,6,10930.000000,5,10935.000000,10,10900.000000
CJ505,,13:45:47.0#,10800.000000,10940.000000,10770.000000,11970.000000,9790.000000,599,4594,10845.000000,1,10850.000000,1,10875.000000,1,10880.000000,9,10890.000000,1,10905.000000,4,10920.000000,5,10925.000000,6,10930.000000,5,10935.000000,10,10900.000000
CJ505,,13:45:47.250#,10800.000000,10940.000000,10770.000000,11970.000000,9790.000000,599,4594,10850.000000,1,10865.000000,8,10875.000000,1,10880.000000,1,10890.000000,1,10905.000000,4,10920.000000,5,10925.000000,6,10930.000000,5,10935.000000,10,10900.000000
CJ505,,13:45:47.750#,10800.000000,10940.000000,10770.000000,11970.000000,9790.000000,599,4594,10850.000000,1,10865.000000,8,10875.000000,1,10880.000000,1,10890.000000,1,10905.000000,5,10920.000000,5,10925.000000,6,10930.000000,5,10935.000000,10,10900.000000
CJ505,,13:45:50.750#,10800.000000,10940.000000,10770.000000,11970.000000,9790.000000,599,4594,10850.000000,1,10865.000000,8,10875.000000,1,10880.000000,1,10890.000000,1,10905.000000,4,10920.000000,5,10925.000000,6,10930.000000,5,10935.000000,10,10900.000000
CJ505,,13:45:51.0#,10800.000000,10940.000000,10770.000000,11970.000000,9790.000000,599,4594,10850.000000,1,10865.000000,8,10875.000000,1,10880.000000,1,10890.000000,1,10905.000000,3,10920.000000,5,10925.000000,6,10930.000000,5,10935.000000,10,10900.000000
CJ505,,13:45:52.500#,10800.000000,10940.000000,10770.000000,11970.000000,9790.000000,599,4594,10850.000000,1,10865.000000,8,10875.000000,1,10880.000000,1,10890.000000,1,10905.000000,5,10920.000000,5,10925.000000,6,10930.000000,5,10935.000000,10,10900.000000
CJ505,,13:45:57.0#,10800.000000,10940.000000,10770.000000,11970.000000,9790.000000,599,4594,10850.000000,1,10865.000000,8,10875.000000,1,10880.000000,1,10890.000000,1,10905.000000,4,10920.000000,5,10925.000000,6,10930.000000,5,10935.000000,10,10900.000000
CJ505,,13:46:00.500#,10800.000000,10940.000000,10770.000000,11970.000000,9790.000000,599,4594,10850.000000,1,10865.000000,8,10875.000000,1,10880.000000,1,10890.000000,1,10905.000000,5,10920.000000,5,10925.000000,6,10930.000000,5,10935.000000,10,10900.000000
CJ505,,13:46:04.500#,10800.000000,10940.000000,10770.000000,11970.000000,9790.000000,599,4594,10850.000000,1,10865.000000,8,10875.000000,1,10880.000000,1,10885.000000,1,10905.000000,5,10920.000000,5,10925.000000,6,10930.000000,5,10935.000000,10,10900.000000
CJ505,,13:46:05.0#,10800.000000,10940.000000,10770.000000,11970.000000,9790.000000,599,4594,10845.000000,1,10850.000000,1,10865.000000,8,10875.000000,1,10885.000000,1,10905.000000,5,10920.000000,5,10925.000000,6,10930.000000,5,10935.000000,10,10900.000000
CJ505,,13:46:10.500#,10800.000000,10940.000000,10770.000000,11970.000000,9790.000000,599,4594,10845.000000,1,10850.000000,1,10865.000000,8,10875.000000,1,10890.000000,1,10905.000000,5,10920.000000,5,10925.000000,6,10930.000000,5,10935.000000,10,10900.000000
CJ505,,13:46:14.0#,10800.000000,10940.000000,10770.000000,11970.000000,9790.000000,599,4594,10845.000000,1,10850.000000,1,10865.000000,8,10875.000000,1,10885.000000,1,10900.000000,1,10920.000000,5,10925.000000,6,10930.000000,5,10935.000000,10,10900.000000
CJ505,,13:46:16.0#,10800.000000,10940.000000,10770.000000,11970.000000,9790.000000,599,4594,10845.000000,1,10850.000000,1,10865.000000,8,10875.000000,1,10885.000000,1,10900.000000,2,10920.000000,5,10925.000000,6,10930.000000,5,10935.000000,10,10900.000000
CJ505,,13:46:16.250#,10800.000000,10940.000000,10770.000000,11970.000000,9790.000000,599,4594,10845.000000,1,10850.000000,1,10865.000000,8,10875.000000,1,10885.000000,1,10900.000000,1,10920.000000,5,10925.000000,6,10930.000000,5,10935.000000,10,10900.000000
CJ505,,13:46:19.500#,10800.000000,10940.000000,10770.000000,11970.000000,9790.000000,599,4594,10845.000000,1,10850.000000,1,10865.000000,8,10875.000000,1,10885.000000,1,10905.000000,5,10920.000000,5,10925.000000,6,10930.000000,5,10935.000000,10,10900.000000
CJ505,,13:46:19.750#,10800.000000,10940.000000,10770.000000,11970.000000,9790.000000,599,4594,10845.000000,1,10850.000000,1,10865.000000,8,10875.000000,1,10890.000000,1,10905.000000,5,10920.000000,5,10925.000000,6,10930.000000,5,10935.000000,10,10900.000000
CJ505,,13:46:22.0#,10800.000000,10940.000000,10770.000000,11970.000000,9790.000000,599,4594,10845.000000,1,10850.000000,1,10865.000000,8,10875.000000,1,10885.000000,1,10900.000000,1,10920.000000,5,10925.000000,6,10930.000000,5,10935.000000,10,10900.000000
CJ505,,13:46:22.250#,10800.000000,10940.000000,10770.000000,11970.000000,9790.000000,599,4594,10845.000000,1,10850.000000,1,10865.000000,8,10875.000000,1,10890.000000,1,10905.000000,5,10920.000000,5,10925.000000,6,10930.000000,5,10935.000000,10,10900.000000
CJ505,,13:46:23.750#,10800.000000,10940.000000,10770.000000,11970.000000,9790.000000,599,4594,10845.000000,1,10850.000000,1,10865.000000,8,10875.000000,1,10885.000000,1,10900.000000,1,10920.000000,5,10925.000000,6,10930.000000,5,10935.000000,10,10900.000000
CJ505,,13:46:24.0#,10800.000000,10940.000000,10770.000000,11970.000000,9790.000000,599,4594,10845.000000,1,10850.000000,1,10865.000000,8,10875.000000,1,10885.000000,1,10900.000000,2,10920.000000,5,10925.000000,6,10930.000000,5,10935.000000,10,10900.000000
CJ505,,13:46:25.0#,10800.000000,10940.000000,10770.000000,11970.000000,9790.000000,599,4594,10845.000000,1,10850.000000,1,10865.000000,8,10875.000000,1,10885.000000,1,10900.000000,5,10920.000000,5,10925.000000,6,10930.000000,5,10935.000000,10,10900.000000
CJ505,,13:46:29.500#,10800.000000,10940.000000,10770.000000,11970.000000,9790.000000,605,4599,10845.000000,1,10850.000000,1,10865.000000,8,10875.000000,1,10885.000000,1,10895.000000,1,10920.000000,5,10925.000000,6,10930.000000,5,10935.000000,10,10885.000000
CJ505,,13:46:57.250#,10800.000000,10940.000000,10770.000000,11970.000000,9790.000000,606,4600,10845.000000,1,10850.000000,1,10865.000000,8,10875.000000,1,10885.000000,1,10895.000000,1,10920.000000,5,10925.000000,6,10930.000000,5,10935.000000,10,10895.000000
CJ505,,13:47:08.0#,10800.000000,10940.000000,10770.000000,11970.000000,9790.000000,607,4601,10845.000000,1,10850.000000,1,10865.000000,8,10875.000000,1,10885.000000,1,10895.000000,1,10920.000000,5,10925.000000,6,10930.000000,5,10935.000000,10,10885.000000
CJ505,,13:47:16.0#,10800.000000,10940.000000,10770.000000,11970.000000,9790.000000,607,4601,10845.000000,1,10850.000000,1,10865.000000,8,10875.000000,1,10885.000000,2,10895.000000,1,10920.000000,5,10925.000000,6,10930.000000,5,10935.000000,10,10885.000000
CJ505,,13:47:23.250#,10800.000000,10940.000000,10770.000000,11970.000000,9790.000000,607,4601,10845.000000,1,10850.000000,1,10865.000000,8,10875.000000,1,10885.000000,2,10895.000000,1,10920.000000,5,10925.000000,6,10930.000000,5,10935.000000,10,10885.000000
CJ505,,13:47:29.500#,10800.000000,10940.000000,10770.000000,11970.000000,9790.000000,609,4599,10845.000000,1,10850.000000,1,10865.000000,8,10875.000000,1,10885.000000,2,10900.000000,1,10920.000000,5,10925.000000,6,10930.000000,5,10935.000000,10,10900.000000
CJ505,,13:47:29.750#,10800.000000,10940.000000,10770.000000,11970.000000,9790.000000,609,4599,10850.000000,1,10865.000000,8,10875.000000,1,10885.000000,1,10890.000000,1,10900.000000,1,10920.000000,5,10925.000000,6,10930.000000,5,10935.000000,10,10900.000000
CJ505,,13:47:56.500#,10800.000000,10940.000000,10770.000000,11970.000000,9790.000000,609,4599,10845.000000,1,10850.000000,1,10865.000000,8,10875.000000,1,10885.000000,2,10900.000000,1,10920.000000,5,10925.000000,6,10930.000000,5,10935.000000,10,10900.000000
CJ505,,13:47:57.250#,10800.000000,10940.000000,10770.000000,11970.000000,9790.000000,609,4599,10850.000000,1,10865.000000,8,10875.000000,1,10885.000000,1,10890.000000,1,10900.000000,1,10920.000000,5,10925.000000,6,10930.000000,5,10935.000000,10,10900.000000
CJ505,,13:48:00.500#,10800.000000,10940.000000,10770.000000,11970.000000,9790.000000,609,4599,10845.000000,1,10850.000000,1,10865.000000,8,10875.000000,1,10885.000000,2,10900.000000,1,10920.000000,5,10925.000000,6,10930.000000,5,10935.000000,10,10900.000000
CJ505,,13:48:01.250#,10800.000000,10940.000000,10770.000000,11970.000000,9790.000000,609,4599,10850.000000,1,10865.000000,8,10875.000000,1,10885.000000,1,10890.000000,1,10900.000000,1,10920.000000,5,10925.000000,6,10930.000000,5,10935.000000,10,10900.000000
CJ505,,13:48:01.500#,10800.000000,10940.000000,10770.000000,11970.000000,9790.000000,609,4599,10845.000000,1,10850.000000,1,10865.000000,8,10875.000000,1,10885.000000,2,10895.000000,1,10920.000000,5,10925.000000,6,10930.000000,5,10935.000000,10,10900.000000
CJ505,,13:48:03.500#,10800.000000,10940.000000,10770.000000,11970.000000,9790.000000,609,4599,10845.000000,1,10850.000000,1,10865.000000,8,10875.000000,1,10885.000000,2,10900.000000,1,10920.000000,5,10925.000000,6,10930.000000,5,10935.000000,10,10900.000000
CJ505,,13:48:09.750#,10800.000000,10940.000000,10770.000000,11970.000000,9790.000000,609,4599,10850.000000,1,10865.000000,8,10875.000000,1,10885.000000,1,10890.000000,1,10900.000000,1,10920.000000,5,10925.000000,6,10930.000000,5,10935.000000,10,10900.000000
CJ505,,13:48:31.750#,10800.000000,10940.000000,10770.000000,11970.000000,9790.000000,609,4599,10850.000000,1,10865.000000,8,10875.000000,1,10885.000000,1,10890.000000,1,10900.000000,1,10920.000000,5,10925.000000,5,10930.000000,5,10935.000000,10,10900.000000
CJ505,,13:48:44.750#,10800.000000,10940.000000,10770.000000,11970.000000,9790.000000,609,4599,10850.000000,1,10865.000000,8,10875.000000,1,10885.000000,1,10890.000000,1,10905.000000,1,10920.000000,5,10925.000000,5,10930.000000,5,10935.000000,10,10900.000000
CJ505,,13:48:45.500#,10800.000000,10940.000000,10770.000000,11970.000000,9790.000000,609,4599,10850.000000,1,10865.000000,8,10875.000000,1,10885.000000,1,10895.000000,1,10905.000000,1,10920.000000,5,10925.000000,5,10930.000000,5,10935.000000,10,10900.000000
CJ505,,13:48:45.750#,10800.000000,10940.000000,10770.000000,11970.000000,9790.000000,609,4599,10850.000000,1,10865.000000,8,10875.000000,1,10885.000000,1,10890.000000,1,10905.000000,1,10920.000000,5,10925.000000,5,10930.000000,5,10935.000000,10,10900.000000
CJ505,,13:48:46.0#,10800.000000,10940.000000,10770.000000,11970.000000,9790.000000,609,4599,10850.000000,1,10865.000000,8,10875.000000,1,10885.000000,1,10895.000000,1,10905.000000,1,10920.000000,5,10925.000000,5,10930.000000,5,10935.000000,10,10900.000000
CJ505,,13:48:46.250#,10800.000000,10940.000000,10770.000000,11970.000000,9790.000000,609,4599,10850.000000,1,10865.000000,8,10875.000000,1,10885.000000,1,10890.000000,1,10905.000000,1,10920.000000,5,10925.000000,5,10930.000000,5,10935.000000,10,10900.000000
CJ505,,13:48:46.500#,10800.000000,10940.000000,10770.000000,11970.000000,9790.000000,609,4599,10850.000000,1,10865.000000,8,10875.000000,1,10885.000000,1,10895.000000,1,10905.000000,1,10920.000000,5,10925.000000,5,10930.000000,5,10935.000000,10,10900.000000
CJ505,,13:48:49.0#,10800.000000,10940.000000,10770.000000,11970.000000,9790.000000,609,4599,10850.000000,1,10865.000000,8,10875.000000,1,10885.000000,1,10890.000000,1,10905.000000,1,10920.000000,5,10925.000000,5,10930.000000,5,10935.000000,10,10900.000000
CJ505,,13:49:07.0#,10800.000000,10940.000000,10770.000000,11970.000000,9790.000000,609,4599,10850.000000,1,10865.000000,8,10875.000000,1,10885.000000,1,10890.000000,1,10905.000000,1,10920.000000,5,10925.000000,5,10930.000000,5,10935.000000,10,10900.000000
CJ505,,13:49:07.500#,10800.000000,10940.000000,10770.000000,11970.000000,9790.000000,609,4599,10850.000000,1,10865.000000,8,10875.000000,1,10885.000000,1,10895.000000,1,10905.000000,1,10920.000000,5,10925.000000,5,10930.000000,5,10935.000000,10,10900.000000
CJ505,,13:49:10.0#,10800.000000,10940.000000,10770.000000,11970.000000,9790.000000,609,4599,10850.000000,1,10865.000000,8,10875.000000,1,10885.000000,1,10890.000000,1,10905.000000,1,10920.000000,5,10925.000000,5,10930.000000,5,10935.000000,10,10900.000000
CJ505,,13:49:13.0#,10800.000000,10940.000000,10770.000000,11970.000000,9790.000000,609,4599,10850.000000,1,10865.000000,8,10875.000000,1,10885.000000,1,10895.000000,1,10905.000000,1,10920.000000,5,10925.000000,5,10930.000000,5,10935.000000,10,10900.000000
CJ505,,13:49:19.750#,10800.000000,10940.000000,10770.000000,11970.000000,9790.000000,609,4599,10850.000000,1,10865.000000,8,10875.000000,1,10885.000000,1,10890.000000,1,10900.000000,1,10920.000000,5,10925.000000,5,10930.000000,5,10935.000000,10,10900.000000
CJ505,,13:49:23.500#,10800.000000,10940.000000,10770.000000,11970.000000,9790.000000,609,4599,10850.000000,1,10865.000000,8,10875.000000,1,10885.000000,1,10890.000000,1,10900.000000,1,10920.000000,7,10925.000000,5,10930.000000,5,10935.000000,10,10900.000000
