OI409P8400,,13:38:38.500#,80.000000,88.000000,63.500000,613.000000,0.500000,24,28,67.500000,6,68.500000,12,69.000000,58,69.500000,31,70.000000,35,72.000000,21,72.500000,24,73.000000,6,73.500000,42,74.000000,6,71.500000
OI409P8400,,13:38:39.250#,80.000000,88.000000,63.500000,613.000000,0.500000,24,28,66.500000,35,68.500000,12,69.000000,58,69.500000,31,70.000000,35,72.000000,21,72.500000,24,73.000000,6,73.500000,42,74.000000,6,71.500000
OI409P8400,,13:38:45.500#,80.000000,88.000000,63.500000,613.000000,0.500000,24,28,66.500000,35,68.500000,12,69.000000,64,69.500000,25,70.000000,35,72.000000,27,72.500000,18,73.000000,6,73.500000,42,74.000000,6,71.500000
OI409P8400,,13:38:45.750#,80.000000,88.000000,63.500000,613.000000,0.500000,24,28,66.500000,35,68.500000,12,69.000000,64,69.500000,25,70.000000,35,72.000000,47,72.500000,18,73.000000,6,73.500000,42,74.000000,6,71.500000
OI409P8400,,13:38:48.500#,80.000000,88.000000,63.500000,613.000000,0.500000,24,28,66.500000,35,68.500000,12,69.000000,59,69.500000,42,70.000000,43,72.000000,49,72.500000,18,73.000000,7,73.500000,41,74.000000,6,71.500000
OI409P8400,,13:38:48.750#,80.000000,88.000000,63.500000,613.000000,0.500000,24,28,66.500000,35,68.500000,12,69.000000,59,69.500000,42,70.000000,43,72.000000,47,72.500000,18,73.000000,7,73.500000,41,74.000000,6,71.500000
OI409P8400,,13:38:49.0#,80.000000,88.000000,63.500000,613.000000,0.500000,24,28,66.500000,35,68.500000,12,69.000000,58,69.500000,43,70.000000,43,72.000000,47,72.500000,18,73.000000,7,73.500000,41,74.000000,6,71.500000
OI409P8400,,13:38:50.0#,80.000000,88.000000,63.500000,613.000000,0.500000,24,28,67.500000,6,68.500000,12,69.000000,69,69.500000,26,70.000000,23,72.000000,57,72.500000,18,73.000000,19,73.500000,23,74.000000,6,71.500000
OI409P8400,,13:38:50.250#,80.000000,88.000000,63.500000,613.000000,0.500000,24,28,67.500000,6,68.500000,12,69.000000,69,69.500000,26,70.000000,23,72.000000,57,72.500000,19,73.000000,18,73.500000,23,74.000000,6,71.500000
OI409P8400,,13:38:50.500#,80.000000,88.000000,63.500000,613.000000,0.500000,24,28,67.500000,6,68.500000,12,69.000000,69,69.500000,26,70.000000,23,72.000000,67,72.500000,13,73.000000,18,73.500000,23,74.000000,6,71.500000
OI409P8400,,13:38:50.750#,80.000000,88.000000,63.500000,613.000000,0.500000,24,28,67.500000,6,68.500000,12,69.000000,69,69.500000,26,70.000000,43,72.000000,67,72.500000,13,73.000000,18,73.500000,23,74.000000,6,71.500000
OI409P8400,,13:38:52.250#,80.000000,88.000000,63.500000,613.000000,0.500000,24,28,67.500000,6,68.500000,12,69.000000,69,69.500000,26,70.000000,43,72.000000,67,72.500000,12,73.000000,19,73.500000,23,74.000000,6,71.500000
OI409P8400,,13:38:55.750#,80.000000,88.000000,63.500000,613.000000,0.500000,24,28,67.500000,12,68.500000,12,69.000000,69,69.500000,26,70.000000,43,72.000000,67,72.500000,12,73.000000,19,73.500000,23,74.000000,6,71.500000
OI409P8400,,13:39:00.500#,80.000000,88.000000,63.500000,613.000000,0.500000,24,28,67.500000,12,68.500000,12,69.000000,63,69.500000,32,70.000000,43,72.000000,61,72.500000,18,73.000000,19,73.500000,23,74.000000,6,71.500000
OI409P8400,,13:39:06.250#,80.000000,88.000000,63.500000,613.000000,0.500000,24,28,67.500000,6,68.500000,18,69.000000,53,69.500000,42,70.000000,43,72.000000,61,72.500000,12,73.000000,19,73.500000,29,74.000000,6,71.500000
OI409P8400,,13:39:08.500#,80.000000,88.000000,63.500000,613.000000,0.500000,24,28,67.500000,6,68.500000,12,69.000000,58,69.500000,37,70.000000,49,72.000000,49,72.500000,24,73.000000,13,73.500000,35,74.000000,6,71.500000
OI409P8400,,13:39:09.500#,80.000000,88.000000,63.500000,613.000000,0.500000,24,28,67.500000,6,68.500000,12,69.000000,58,69.500000,31,70.000000,55,72.000000,21,72.500000,24,73.000000,12,73.500000,36,74.000000,6,71.500000
OI409P8400,,13:39:10.250#,80.000000,88.000000,63.500000,613.000000,0.500000,24,28,68.500000,12,69.000000,41,69.500000,38,70.000000,33,70.500000,30,72.000000,11,72.500000,28,73.000000,18,73.500000,30,74.000000,12,71.500000
OI409P8400,,13:39:11.500#,80.000000,88.000000,63.500000,613.000000,0.500000,24,28,68.500000,12,69.000000,41,69.500000,38,70.000000,33,70.500000,30,72.000000,31,72.500000,28,73.000000,18,73.500000,30,74.000000,12,71.500000
OI409P8400,,13:39:11.750#,80.000000,88.000000,63.500000,613.000000,0.500000,24,28,68.500000,12,69.000000,41,69.500000,48,70.000000,23,70.500000,30,72.000000,41,72.500000,18,73.000000,18,73.500000,30,74.000000,12,71.500000
OI409P8400,,13:39:12.250#,80.000000,88.000000,63.500000,613.000000,0.500000,24,28,68.500000,12,69.000000,47,69.500000,42,70.000000,29,70.500000,24,72.000000,41,72.500000,24,73.000000,12,73.500000,36,74.000000,6,71.500000
OI409P8400,,13:39:13.0#,80.000000,88.000000,63.500000,613.000000,0.500000,24,28,68.500000,12,69.000000,47,69.500000,42,70.000000,29,70.500000,24,72.000000,41,72.500000,24,73.000000,13,73.500000,35,74.000000,6,71.500000
OI409P8400,,13:39:15.750#,80.000000,88.000000,63.500000,613.000000,0.500000,24,28,68.500000,12,69.000000,47,69.500000,42,70.000000,29,70.500000,16,72.000000,41,72.500000,24,73.000000,13,73.500000,35,74.000000,6,71.500000
OI409P8400,,13:39:16.0#,80.000000,88.000000,63.500000,613.000000,0.500000,24,28,68.500000,12,69.000000,47,69.500000,42,70.000000,35,70.500000,10,72.000000,41,72.500000,24,73.000000,13,73.500000,35,74.000000,6,71.500000
OI409P8400,,13:39:22.750#,80.000000,88.000000,63.500000,613.000000,0.500000,24,28,68.500000,12,69.000000,47,69.500000,32,70.000000,45,70.500000,34,72.000000,11,72.500000,34,73.000000,12,73.500000,35,74.000000,6,71.500000
OI409P8400,,13:39:23.0#,80.000000,88.000000,63.500000,613.000000,0.500000,24,28,68.500000,12,69.000000,35,69.500000,38,70.000000,51,70.500000,34,72.000000,11,72.500000,22,73.000000,24,73.500000,30,74.000000,12,71.500000
OI409P8400,,13:39:23.250#,80.000000,88.000000,63.500000,613.000000,0.500000,24,28,68.500000,12,69.000000,35,69.500000,44,70.000000,39,70.500000,40,72.000000,11,72.500000,22,73.000000,18,73.500000,36,74.000000,12,71.500000
OI409P8400,,13:39:23.500#,80.000000,88.000000,63.500000,613.000000,0.500000,24,28,68.500000,12,69.000000,35,69.500000,38,70.000000,45,70.500000,40,72.000000,11,72.500000,16,73.000000,24,73.500000,36,74.000000,12,71.500000
OI409P8400,,13:39:24.500#,80.000000,88.000000,63.500000,613.000000,0.500000,24,28,68.500000,12,69.000000,35,69.500000,44,70.000000,39,70.500000,40,72.000000,11,72.500000,28,73.000000,18,73.500000,30,74.000000,12,71.500000
OI409P8400,,13:39:24.750#,80.000000,88.000000,63.500000,613.000000,0.500000,24,28,68.500000,12,69.000000,35,69.500000,44,70.000000,33,70.500000,46,72.000000,11,72.500000,28,73.000000,18,73.500000,30,74.000000,12,71.500000
OI409P8400,,13:39:27.500#,80.000000,88.000000,63.500000,613.000000,0.500000,24,28,68.500000,12,69.000000,35,69.500000,44,70.000000,33,70.500000,46,72.000000,11,72.500000,28,73.000000,18,73.500000,30,74.000000,12,71.500000
OI409P8400,,13:39:29.750#,80.000000,88.000000,63.500000,613.000000,0.500000,24,28,68.500000,6,69.000000,41,69.500000,20,70.000000,59,70.500000,46,72.500000,20,73.000000,30,73.500000,29,74.000000,13,74.500000,6,72.000000
OI409P8400,,13:39:30.0#,80.000000,88.000000,63.500000,613.000000,0.500000,24,28,68.500000,6,69.000000,41,69.500000,20,70.000000,59,70.500000,46,72.500000,20,73.000000,30,73.500000,29,74.000000,13,74.500000,6,72.000000
OI409P8400,,13:39:30.250#,80.000000,88.000000,63.500000,613.000000,0.500000,24,28,68.500000,6,69.000000,41,69.500000,20,70.000000,59,70.500000,46,72.500000,20,73.000000,30,73.500000,29,74.000000,13,74.500000,6,72.000000
OI409P8400,,13:39:31.750#,80.000000,88.000000,63.500000,613.000000,0.500000,24,28,68.500000,6,69.000000,41,69.500000,26,70.000000,53,70.500000,46,72.500000,20,73.000000,30,73.500000,29,74.000000,19,74.500000,6,72.000000
OI409P8400,,13:39:32.0#,80.000000,88.000000,63.500000,613.000000,0.500000,24,28,68.500000,6,69.000000,41,69.500000,26,70.000000,53,70.500000,46,72.500000,30,73.000000,24,73.500000,30,74.000000,18,74.500000,6,72.000000
OI409P8400,,13:39:32.500#,80.000000,88.000000,63.500000,613.000000,0.500000,24,28,68.500000,6,69.000000,41,69.500000,32,70.000000,47,70.500000,46,72.500000,36,73.000000,18,73.500000,30,74.000000,18,74.500000,6,72.000000
OI409P8400,,13:39:32.750#,80.000000,88.000000,63.500000,613.000000,0.500000,24,28,68.500000,6,69.000000,41,69.500000,32,70.000000,53,70.500000,40,72.500000,42,73.000000,12,73.500000,30,74.000000,18,74.500000,6,72.000000
OI409P8400,,13:39:33.750#,80.000000,88.000000,63.500000,613.000000,0.500000,24,28,68.500000,6,69.000000,41,69.500000,26,70.000000,53,70.500000,46,72.500000,22,73.000000,30,73.500000,29,74.000000,19,74.500000,6,72.000000
OI409P8400,,13:39:34.0#,80.000000,88.000000,63.500000,613.000000,0.500000,24,28,67.500000,12,69.000000,41,69.500000,26,70.000000,52,70.500000,53,73.000000,21,73.500000,29,74.000000,13,74.500000,18,75.000000,6,72.000000
OI409P8400,,13:39:34.250#,80.000000,88.000000,63.500000,613.000000,0.500000,24,28,67.500000,6,69.000000,41,69.500000,26,70.000000,53,70.500000,52,73.000000,49,73.500000,23,74.000000,13,74.500000,18,75.000000,6,72.000000
OI409P8400,,13:39:35.750#,80.000000,88.000000,63.500000,613.000000,0.500000,24,28,69.000000,41,69.500000,26,70.000000,41,70.500000,58,71.000000,6,73.000000,29,73.500000,41,74.000000,19,74.500000,12,76.000000,6,72.000000
OI409P8400,,13:39:36.250#,80.000000,88.000000,63.500000,613.000000,0.500000,24,28,69.000000,31,69.500000,20,70.000000,53,70.500000,32,71.000000,30,73.000000,20,73.500000,47,74.000000,7,74.500000,18,75.000000,6,72.000000
OI409P8400,,13:39:36.500#,80.000000,88.000000,63.500000,613.000000,0.500000,24,28,69.000000,31,69.500000,20,70.000000,53,70.500000,32,71.000000,50,73.000000,20,73.500000,47,74.000000,7,74.500000,18,75.000000,6,72.000000
OI409P8400,,13:39:37.250#,80.000000,88.000000,63.500000,613.000000,0.500000,24,28,69.000000,23,69.500000,10,70.000000,53,70.500000,32,71.000000,44,73.000000,20,73.500000,41,74.000000,7,74.500000,18,75.000000,6,72.000000
OI409P8400,,13:39:37.500#,80.000000,88.000000,63.500000,613.000000,0.500000,24,28,69.000000,23,69.500000,10,70.000000,58,70.500000,33,71.000000,44,73.000000,26,73.500000,41,74.000000,6,74.500000,19,75.000000,6,72.000000
OI409P8400,,13:39:37.750#,80.000000,88.000000,63.500000,613.000000,0.500000,24,28,69.000000,23,69.500000,10,70.000000,29,70.500000,33,71.000000,50,73.000000,6,73.500000,35,74.000000,12,74.500000,13,75.000000,12,72.000000
OI409P8400,,13:39:38.0#,80.000000,88.000000,63.500000,613.000000,0.500000,24,28,69.000000,23,69.500000,10,70.000000,57,70.500000,27,71.000000,50,73.000000,26,73.500000,41,74.000000,7,74.500000,18,75.000000,6,72.000000
OI409P8400,,13:39:38.500#,80.000000,88.000000,63.500000,613.000000,0.500000,24,28,69.000000,23,69.500000,10,70.000000,57,70.500000,27,71.000000,50,73.000000,6,73.500000,41,74.000000,7,74.500000,18,75.000000,6,72.000000
OI409P8400,,13:39:38.750#,80.000000,88.000000,63.500000,613.000000,0.500000,24,28,69.000000,23,69.500000,10,70.000000,57,70.500000,27,71.000000,50,73.000000,6,73.500000,41,74.000000,6,74.500000,18,75.000000,6,72.000000
OI409P8400,,13:39:39.0#,80.000000,88.000000,63.500000,613.000000,0.500000,24,28,69.000000,23,69.500000,10,70.000000,57,70.500000,27,71.000000,50,73.000000,6,73.500000,41,74.000000,6,74.500000,19,75.000000,6,72.000000
OI409P8400,,13:39:39.500#,80.000000,88.000000,63.500000,613.000000,0.500000,24,28,69.000000,23,69.500000,10,70.000000,57,70.500000,27,71.000000,50,73.000000,8,73.500000,41,74.000000,7,74.500000,18,75.000000,6,72.000000
OI409P8400,,13:39:39.750#,80.000000,88.000000,63.500000,613.000000,0.500000,24,28,69.000000,23,69.500000,10,70.000000,57,70.500000,27,71.000000,50,72.500000,6,73.000000,25,73.500000,41,74.000000,7,74.500000,18,72.000000
OI409P8400,,13:39:40.0#,80.000000,88.000000,63.500000,613.000000,0.500000,24,28,69.000000,23,69.500000,10,70.000000,57,70.500000,27,71.000000,50,72.500000,6,73.000000,25,73.500000,41,74.000000,7,74.500000,18,72.000000
OI409P8400,,13:39:40.250#,80.000000,88.000000,63.500000,613.000000,0.500000,24,28,69.000000,23,69.500000,10,70.000000,57,70.500000,27,71.000000,50,72.500000,6,73.000000,25,73.500000,41,74.000000,7,74.500000,18,72.000000
OI409P8400,,13:39:40.500#,80.000000,88.000000,63.500000,613.000000,0.500000,24,28,69.000000,23,69.500000,10,70.000000,63,70.500000,21,71.000000,50,72.500000,6,73.000000,31,73.500000,35,74.000000,7,74.500000,18,72.000000
OI409P8400,,13:39:41.0#,80.000000,88.000000,63.500000,613.000000,0.500000,24,28,69.500000,10,70.000000,29,70.500000,52,71.000000,44,71.500000,6,73.000000,6,73.500000,35,74.000000,6,74.500000,6,75.000000,12,72.500000
OI409P8400,,13:39:41.250#,80.000000,88.000000,63.500000,613.000000,0.500000,24,28,69.500000,6,70.000000,23,70.500000,52,71.000000,24,71.500000,24,73.500000,35,74.000000,6,74.500000,6,75.000000,12,75.500000,6,72.500000
OI409P8400,,13:39:41.500#,80.000000,88.000000,63.500000,613.000000,0.500000,24,28,69.500000,6,70.000000,23,70.500000,58,71.000000,24,71.500000,44,73.500000,43,74.000000,6,74.500000,6,75.000000,12,75.500000,6,72.500000
OI409P8400,,13:39:41.750#,80.000000,88.000000,63.500000,613.000000,0.500000,24,28,69.500000,6,70.000000,23,70.500000,58,71.000000,24,71.500000,44,73.500000,43,74.000000,6,74.500000,6,75.000000,12,75.500000,6,72.500000
OI409P8400,,13:39:42.750#,80.000000,88.000000,63.500000,613.000000,0.500000,24,28,69.500000,6,70.000000,23,70.500000,58,71.000000,30,71.500000,38,73.500000,46,74.000000,6,74.500000,7,75.000000,12,75.500000,6,72.500000
OI409P8400,,13:39:43.0#,80.000000,88.000000,63.500000,613.000000,0.500000,24,28,69.500000,6,70.000000,29,70.500000,52,71.000000,30,71.500000,38,73.500000,46,74.000000,6,74.500000,13,75.000000,6,75.500000,6,72.500000
OI409P8400,,13:39:43.250#,80.000000,88.000000,63.500000,613.000000,0.500000,24,28,69.500000,6,70.000000,29,70.500000,52,71.000000,30,71.500000,44,73.500000,46,74.000000,6,74.500000,13,75.000000,6,75.500000,12,72.500000
OI409P8400,,13:39:43.500#,80.000000,88.000000,63.500000,613.000000,0.500000,24,28,69.500000,6,70.000000,23,70.500000,58,71.000000,30,71.500000,44,73.500000,46,74.000000,6,74.500000,7,75.000000,12,75.500000,12,72.500000
OI409P8400,,13:39:43.750#,80.000000,88.000000,63.500000,613.000000,0.500000,24,28,69.500000,6,70.000000,23,70.500000,58,71.000000,30,71.500000,44,73.500000,46,74.000000,6,74.500000,7,75.000000,12,75.500000,12,72.500000
OI409P8400,,13:39:45.750#,80.000000,88.000000,63.500000,613.000000,0.500000,24,28,69.500000,6,70.000000,29,70.500000,52,71.000000,30,71.500000,24,73.500000,46,74.000000,6,74.500000,13,75.000000,6,75.500000,12,72.500000
OI409P8400,,13:39:46.0#,80.000000,88.000000,63.500000,613.000000,0.500000,24,28,69.500000,6,70.000000,29,70.500000,52,71.000000,30,71.500000,24,73.500000,52,74.000000,6,74.500000,13,75.000000,6,75.500000,6,72.500000
OI409P8400,,13:39:48.0#,80.000000,88.000000,63.500000,613.000000,0.500000,24,28,69.500000,6,70.000000,35,70.500000,52,71.000000,24,71.500000,24,73.000000,6,73.500000,46,74.000000,6,74.500000,13,75.000000,6,72.500000
OI409P8400,,13:39:48.250#,80.000000,88.000000,63.500000,613.000000,0.500000,24,28,69.500000,6,70.000000,35,70.500000,52,71.000000,24,71.500000,16,72.500000,6,73.000000,25,73.500000,46,74.000000,7,74.500000,12,72.500000
OI409P8400,,13:39:48.500#,80.000000,88.000000,63.500000,613.000000,0.500000,24,28,69.500000,6,70.000000,35,70.500000,52,71.000000,24,71.500000,36,72.500000,6,73.000000,25,73.500000,46,74.000000,7,74.500000,12,72.500000
OI409P8400,,13:39:48.750#,80.000000,88.000000,63.500000,613.000000,0.500000,24,28,69.500000,6,70.000000,35,70.500000,52,71.000000,24,71.500000,16,72.500000,6,73.000000,5,73.500000,46,74.000000,7,74.500000,12,72.500000
OI409P8400,,13:39:49.0#,80.000000,88.000000,63.500000,613.000000,0.500000,24,28,69.500000,6,70.000000,35,70.500000,52,71.000000,24,71.500000,16,72.500000,6,73.000000,5,73.500000,46,74.000000,7,74.500000,12,72.500000
OI409P8400,,13:39:49.250#,80.000000,88.000000,63.500000,613.000000,0.500000,24,28,69.500000,6,70.000000,35,70.500000,52,71.000000,30,71.500000,10,72.500000,6,73.000000,5,73.500000,46,74.000000,7,74.500000,12,72.500000
OI409P8400,,13:39:49.500#,80.000000,88.000000,63.500000,613.000000,0.500000,24,28,69.500000,6,70.000000,35,70.500000,52,71.000000,24,71.500000,16,72.500000,6,73.000000,5,73.500000,46,74.000000,7,74.500000,12,72.500000
OI409P8400,,13:39:49.750#,80.000000,88.000000,63.500000,613.000000,0.500000,24,28,69.500000,6,70.000000,35,70.500000,52,71.000000,24,71.500000,36,72.500000,6,73.000000,5,73.500000,46,74.000000,7,74.500000,12,72.500000
OI409P8400,,13:39:50.0#,80.000000,88.000000,63.500000,613.000000,0.500000,24,28,69.500000,6,70.000000,29,70.500000,52,71.000000,30,71.500000,36,73.000000,5,73.500000,52,74.000000,7,74.500000,12,75.000000,12,72.500000
OI409P8400,,13:39:50.250#,80.000000,88.000000,63.500000,613.000000,0.500000,24,28,69.500000,6,70.000000,29,70.500000,52,71.000000,30,71.500000,36,73.000000,5,73.500000,52,74.000000,7,74.500000,12,75.000000,12,72.500000
OI409P8400,,13:39:50.500#,80.000000,88.000000,63.500000,613.000000,0.500000,24,28,69.500000,6,70.000000,29,70.500000,52,71.000000,30,71.500000,36,73.000000,5,73.500000,52,74.000000,7,74.500000,12,75.000000,12,72.500000
OI409P8400,,13:39:50.750#,80.000000,88.000000,63.500000,613.000000,0.500000,24,28,69.500000,6,70.000000,29,70.500000,52,71.000000,24,71.500000,36,73.000000,5,73.500000,46,74.000000,7,74.500000,12,75.000000,12,72.500000
OI409P8400,,13:39:51.0#,80.000000,88.000000,63.500000,613.000000,0.500000,24,28,69.500000,6,70.000000,36,70.500000,51,71.000000,24,71.500000,16,72.500000,6,73.000000,25,73.500000,46,74.000000,7,74.500000,12,72.500000
OI409P8400,,13:39:51.250#,80.000000,88.000000,63.500000,613.000000,0.500000,24,28,69.500000,6,70.000000,36,70.500000,51,71.000000,30,71.500000,10,72.500000,6,73.000000,25,73.500000,46,74.000000,7,74.500000,12,72.500000
OI409P8400,,13:39:51.500#,80.000000,88.000000,63.500000,613.000000,0.500000,24,28,69.500000,6,70.000000,36,70.500000,51,71.000000,30,71.500000,10,72.500000,6,73.000000,25,73.500000,46,74.000000,7,74.500000,12,72.500000
OI409P8400,,13:39:54.750#,80.000000,88.000000,63.500000,613.000000,0.500000,24,28,69.500000,6,70.000000,36,70.500000,51,71.000000,30,71.500000,10,72.500000,6,73.000000,5,73.500000,46,74.000000,7,74.500000,12,72.500000
OI409P8400,,13:39:55.0#,80.000000,88.000000,63.500000,613.000000,0.500000,24,28,69.500000,6,70.000000,29,70.500000,52,71.000000,30,71.500000,36,73.000000,5,73.500000,52,74.000000,7,74.500000,12,75.000000,12,72.500000
OI409P8400,,13:39:55.250#,80.000000,88.000000,63.500000,613.000000,0.500000,24,28,69.500000,6,70.000000,29,70.500000,52,71.000000,30,71.500000,36,73.000000,5,73.500000,52,74.000000,7,74.500000,12,75.000000,12,72.500000
OI409P8400,,13:39:55.500#,80.000000,88.000000,63.500000,613.000000,0.500000,24,28,69.500000,6,70.000000,29,70.500000,52,71.000000,30,71.500000,36,73.000000,5,73.500000,52,74.000000,7,74.500000,12,75.000000,12,72.500000
OI409P8400,,13:39:55.750#,80.000000,88.000000,63.500000,613.000000,0.500000,24,28,69.500000,6,70.000000,35,70.500000,52,71.000000,24,71.500000,16,73.000000,11,73.500000,46,74.000000,7,74.500000,12,75.000000,12,72.500000
OI409P8400,,13:39:56.0#,80.000000,88.000000,63.500000,613.000000,0.500000,24,28,69.500000,6,70.000000,35,70.500000,52,71.000000,24,71.500000,16,72.500000,6,73.000000,25,73.500000,46,74.000000,7,74.500000,12,72.500000
OI409P8400,,13:39:56.250#,80.000000,88.000000,63.500000,613.000000,0.500000,24,28,69.500000,6,70.000000,35,70.500000,52,71.000000,24,71.500000,16,72.500000,6,73.000000,25,73.500000,46,74.000000,7,74.500000,12,72.500000
OI409P8400,,13:39:56.500#,80.000000,88.000000,63.500000,613.000000,0.500000,24,28,69.500000,6,70.000000,35,70.500000,52,71.000000,24,71.500000,16,72.500000,6,73.000000,25,73.500000,46,74.000000,7,74.500000,12,72.500000
OI409P8400,,13:39:56.750#,80.000000,88.000000,63.500000,613.000000,0.500000,24,28,69.500000,6,70.000000,36,70.500000,51,71.000000,30,71.500000,10,72.500000,6,73.000000,25,73.500000,46,74.000000,7,74.500000,12,72.500000
OI409P8400,,13:40:00.250#,80.000000,88.000000,63.500000,613.000000,0.500000,24,28,69.500000,6,70.000000,30,70.500000,51,71.000000,30,71.500000,20,73.000000,5,73.500000,52,74.000000,7,74.500000,12,75.000000,12,72.500000
OI409P8400,,13:40:00.500#,80.000000,88.000000,63.500000,613.000000,0.500000,24,28,69.500000,6,70.000000,30,70.500000,51,71.000000,30,71.500000,40,73.000000,5,73.500000,52,74.000000,7,74.500000,12,75.000000,12,72.500000
OI409P8400,,13:40:00.750#,80.000000,88.000000,63.500000,613.000000,0.500000,24,28,69.500000,6,70.000000,36,70.500000,51,71.000000,24,71.500000,40,73.000000,31,73.500000,46,74.000000,7,74.500000,12,75.000000,12,72.500000
OI409P8400,,13:40:01.0#,80.000000,88.000000,63.500000,613.000000,0.500000,24,28,69.500000,6,70.000000,36,70.500000,51,71.000000,24,71.500000,16,73.000000,31,73.500000,46,74.000000,7,74.500000,12,75.000000,12,72.500000
OI409P8400,,13:40:01.250#,80.000000,88.000000,63.500000,613.000000,0.500000,24,28,69.500000,6,70.000000,36,70.500000,51,71.000000,30,71.500000,10,73.000000,31,73.500000,46,74.000000,7,74.500000,12,75.000000,12,72.500000
OI409P8400,,13:40:01.750#,80.000000,88.000000,63.500000,613.000000,0.500000,24,28,69.500000,6,70.000000,36,70.500000,51,71.000000,30,71.500000,10,72.500000,6,73.000000,25,73.500000,46,74.000000,7,74.500000,12,72.500000
OI409P8400,,13:40:02.0#,80.000000,88.000000,63.500000,613.000000,0.500000,24,28,69.500000,6,70.000000,36,70.500000,51,71.000000,30,71.500000,10,72.500000,6,73.000000,25,73.500000,46,74.000000,7,74.500000,12,72.500000
OI409P8400,,13:40:02.250#,80.000000,88.000000,63.500000,613.000000,0.500000,24,28,69.500000,6,70.000000,36,70.500000,51,71.000000,30,71.500000,10,72.500000,6,73.000000,25,73.500000,46,74.000000,7,74.500000,12,72.500000
OI409P8400,,13:40:03.750#,80.000000,88.000000,63.500000,613.000000,0.500000,24,28,69.500000,6,70.000000,36,70.500000,51,71.000000,24,71.500000,36,73.000000,11,73.500000,46,74.000000,7,74.500000,12,75.000000,12,72.500000
OI409P8400,,13:40:04.250#,80.000000,88.000000,63.500000,613.000000,0.500000,24,28,69.500000,6,70.000000,36,70.500000,51,71.000000,30,71.500000,30,73.000000,11,73.500000,46,74.000000,7,74.500000,12,75.000000,12,72.500000
OI409P8400,,13:40:04.500#,80.000000,88.000000,63.500000,613.000000,0.500000,24,28,69.500000,6,70.000000,36,70.500000,51,71.000000,30,71.500000,30,73.000000,11,73.500000,46,74.000000,7,74.500000,12,75.000000,12,72.500000
OI409P8400,,13:40:04.750#,80.000000,88.000000,63.500000,613.000000,0.500000,24,28,69.500000,6,70.000000,36,70.500000,51,71.000000,24,71.500000,36,73.000000,11,73.500000,46,74.000000,7,74.500000,12,75.000000,12,72.500000
OI409P8400,,13:40:05.0#,80.000000,88.000000,63.500000,613.000000,0.500000,24,28,69.500000,6,70.000000,29,70.500000,52,71.000000,30,71.500000,36,73.000000,5,73.500000,46,74.000000,13,74.500000,12,75.000000,12,72.500000
OI409P8400,,13:40:05.500#,80.000000,88.000000,63.500000,613.000000,0.500000,24,28,69.500000,6,70.000000,29,70.500000,52,71.000000,30,71.500000,36,73.000000,5,73.500000,52,74.000000,7,74.500000,12,75.000000,12,72.500000
OI409P8400,,13:40:06.750#,80.000000,88.000000,63.500000,613.000000,0.500000,24,28,69.500000,6,70.000000,29,70.500000,52,71.000000,30,71.500000,42,73.000000,3,73.500000,52,74.000000,7,74.500000,12,75.000000,12,72.500000
OI409P8400,,13:40:07.250#,80.000000,88.000000,63.500000,613.000000,0.500000,24,28,69.500000,6,70.000000,19,70.500000,52,71.000000,30,71.500000,42,73.500000,52,74.000000,6,74.500000,13,75.000000,12,76.000000,6,72.500000
OI409P8400,,13:40:08.750#,80.000000,88.000000,63.500000,613.000000,0.500000,24,28,69.500000,6,70.000000,19,70.500000,52,71.000000,24,71.500000,48,73.500000,46,74.000000,12,74.500000,13,75.000000,12,76.000000,6,72.500000
OI409P8400,,13:40:09.0#,80.000000,88.000000,63.500000,613.000000,0.500000,24,28,69.500000,6,70.000000,13,70.500000,58,71.000000,24,71.500000,48,73.500000,46,74.000000,12,74.500000,7,75.000000,18,76.500000,6,72.500000
OI409P8400,,13:40:09.250#,80.000000,88.000000,63.500000,613.000000,0.500000,24,28,69.500000,6,70.000000,13,70.500000,58,71.000000,24,71.500000,48,73.500000,41,74.000000,12,74.500000,7,75.000000,18,76.500000,6,72.500000
OI409P8400,,13:40:09.500#,80.000000,88.000000,63.500000,613.000000,0.500000,24,28,69.500000,6,70.000000,13,70.500000,51,71.000000,25,71.500000,54,73.500000,29,74.000000,24,74.500000,7,75.000000,18,76.500000,6,72.500000
OI409P8400,,13:40:09.750#,80.000000,88.000000,63.500000,613.000000,0.500000,24,28,69.500000,6,70.000000,7,70.500000,51,71.000000,31,71.500000,54,74.000000,24,74.500000,13,75.000000,18,76.500000,6,77.000000,21,72.500000
OI409P8400,,13:40:10.0#,80.000000,88.000000,63.500000,613.000000,0.500000,24,28,69.500000,6,70.000000,7,70.500000,51,71.000000,31,71.500000,54,74.000000,18,74.500000,13,75.000000,18,76.500000,6,77.000000,27,72.500000
OI409P8400,,13:40:10.250#,80.000000,88.000000,63.500000,613.000000,0.500000,24,28,69.500000,6,70.000000,13,70.500000,51,71.000000,31,71.500000,54,74.000000,18,74.500000,12,75.000000,18,75.500000,6,76.500000,6,72.500000
OI409P8400,,13:40:10.500#,80.000000,88.000000,63.500000,613.000000,0.500000,24,28,69.500000,6,70.000000,13,70.500000,51,71.000000,31,71.500000,54,74.000000,18,74.500000,12,75.000000,18,75.500000,6,76.500000,6,72.500000
OI409P8400,,13:40:11.0#,80.000000,88.000000,63.500000,613.000000,0.500000,24,28,69.000000,23,70.000000,19,70.500000,51,71.000000,31,71.500000,54,74.000000,12,74.500000,12,75.000000,24,75.500000,6,76.500000,6,72.500000
OI409P8400,,13:40:11.250#,80.000000,88.000000,63.500000,613.000000,0.500000,24,28,69.000000,23,70.000000,19,70.500000,51,71.000000,31,71.500000,54,74.000000,6,74.500000,18,75.000000,24,75.500000,6,76.500000,6,72.500000
OI409P8400,,13:40:11.500#,80.000000,88.000000,63.500000,613.000000,0.500000,24,28,69.000000,23,70.000000,19,70.500000,51,71.000000,25,71.500000,60,74.000000,6,74.500000,18,75.000000,24,75.500000,6,76.500000,6,72.500000
OI409P8400,,13:40:12.250#,80.000000,88.000000,63.500000,613.000000,0.500000,24,28,70.000000,12,70.500000,51,71.000000,25,71.500000,28,72.000000,30,74.000000,6,74.500000,18,75.000000,24,75.500000,6,76.500000,6,72.500000
OI409P8400,,13:40:12.500#,80.000000,88.000000,63.500000,613.000000,0.500000,24,28,70.000000,12,70.500000,51,71.000000,31,71.500000,22,72.000000,50,74.000000,6,74.500000,18,75.000000,24,75.500000,6,76.500000,6,72.500000
OI409P8400,,13:40:12.750#,80.000000,88.000000,63.500000,613.000000,0.500000,24,28,70.000000,12,70.500000,45,71.000000,37,71.500000,22,72.000000,50,74.000000,6,74.500000,18,75.000000,18,75.500000,12,76.500000,6,72.500000
OI409P8400,,13:40:13.0#,80.000000,88.000000,63.500000,613.000000,0.500000,24,28,70.000000,12,70.500000,20,71.000000,62,71.500000,22,72.000000,44,74.500000,24,75.000000,12,75.500000,12,77.000000,21,77.500000,26,72.500000
OI409P8400,,13:40:13.250#,80.000000,88.000000,63.500000,613.000000,0.500000,24,28,70.000000,12,70.500000,20,71.000000,62,71.500000,22,72.000000,50,74.500000,34,75.000000,12,75.500000,12,77.000000,27,77.500000,26,72.500000
OI409P8400,,13:40:13.500#,80.000000,88.000000,63.500000,613.000000,0.500000,24,28,70.000000,12,70.500000,20,71.000000,62,71.500000,22,72.000000,50,74.500000,34,75.000000,12,75.500000,12,76.500000,6,77.000000,21,72.500000
OI409P8400,,13:40:13.750#,80.000000,88.000000,63.500000,613.000000,0.500000,24,28,70.000000,12,70.500000,20,71.000000,81,71.500000,22,72.000000,56,74.500000,12,75.000000,24,75.500000,6,76.000000,6,76.500000,6,72.500000
OI409P8400,,13:40:14.0#,80.000000,88.000000,63.500000,613.000000,0.500000,24,28,70.000000,12,70.500000,20,71.000000,81,71.500000,22,72.000000,56,74.500000,26,75.000000,30,75.500000,6,76.000000,6,76.500000,6,72.500000
OI409P8400,,13:40:14.250#,80.000000,88.000000,63.500000,613.000000,0.500000,24,28,70.000000,12,70.500000,20,71.000000,87,71.500000,22,72.000000,50,74.500000,40,75.000000,18,75.500000,12,76.500000,6,77.000000,21,72.500000
OI409P8400,,13:40:14.500#,80.000000,88.000000,63.500000,613.000000,0.500000,24,28,70.000000,12,70.500000,20,71.000000,81,71.500000,28,72.000000,50,74.500000,43,75.000000,18,75.500000,12,76.500000,6,77.000000,21,72.500000
OI409P8400,,13:40:14.750#,80.000000,88.000000,63.500000,613.000000,0.500000,24,28,70.000000,12,70.500000,20,71.000000,81,71.500000,28,72.000000,50,74.500000,43,75.000000,18,75.500000,12,76.500000,6,77.000000,21,72.500000
OI409P8400,,13:40:15.0#,80.000000,88.000000,63.500000,613.000000,0.500000,24,28,70.000000,12,70.500000,20,71.000000,81,71.500000,28,72.000000,50,74.500000,43,75.000000,18,75.500000,12,76.500000,6,77.000000,21,72.500000
OI409P8400,,13:40:15.750#,80.000000,88.000000,63.500000,613.000000,0.500000,24,28,70.000000,12,70.500000,20,71.000000,81,71.500000,22,72.000000,56,74.500000,43,75.000000,18,75.500000,12,76.500000,6,77.000000,21,72.500000
OI409P8400,,13:40:16.250#,80.000000,88.000000,63.500000,613.000000,0.500000,24,28,70.000000,12,70.500000,20,71.000000,81,71.500000,22,72.000000,56,74.500000,49,75.000000,12,75.500000,12,76.500000,6,77.000000,21,72.500000
OI409P8400,,13:40:16.500#,80.000000,88.000000,63.500000,613.000000,0.500000,24,28,70.000000,12,70.500000,20,71.000000,87,71.500000,16,72.000000,56,74.500000,49,75.000000,13,75.500000,12,76.500000,6,77.000000,21,72.500000
OI409P8400,,13:40:16.750#,80.000000,88.000000,63.500000,613.000000,0.500000,24,28,70.500000,20,71.000000,80,71.500000,17,72.000000,50,72.500000,6,74.500000,32,75.000000,18,75.500000,12,76.500000,6,77.000000,21,72.500000
OI409P8400,,13:40:17.0#,80.000000,88.000000,63.500000,613.000000,0.500000,24,28,70.500000,16,71.000000,86,71.500000,17,72.000000,50,72.500000,22,74.500000,49,75.000000,12,75.500000,12,76.500000,6,77.000000,21,72.500000
OI409P8400,,13:40:18.500#,80.000000,88.000000,63.500000,613.000000,0.500000,24,28,70.500000,16,71.000000,80,71.500000,22,72.000000,50,72.500000,22,74.500000,43,75.000000,18,75.500000,12,76.000000,25,76.500000,6,72.500000
OI409P8400,,13:40:18.750#,80.000000,88.000000,63.500000,613.000000,0.500000,24,28,70.500000,16,71.000000,80,71.500000,22,72.000000,50,72.500000,22,74.500000,49,75.000000,12,75.500000,12,76.000000,25,76.500000,6,72.500000
OI409P8400,,13:40:19.0#,80.000000,88.000000,63.500000,613.000000,0.500000,24,28,70.500000,16,71.000000,81,71.500000,22,72.000000,50,72.500000,22,74.500000,49,75.000000,13,75.500000,12,76.000000,25,76.500000,6,72.500000
OI409P8400,,13:40:20.500#,80.000000,88.000000,63.500000,613.000000,0.500000,24,28,70.500000,16,71.000000,87,71.500000,16,72.000000,50,72.500000,22,74.500000,49,75.000000,13,75.500000,12,76.000000,25,76.500000,6,72.500000
OI409P8400,,13:40:21.250#,80.000000,88.000000,63.500000,613.000000,0.500000,24,28,70.500000,16,71.000000,87,71.500000,16,72.000000,30,72.500000,22,74.500000,49,75.000000,13,75.500000,12,76.000000,25,76.500000,6,72.500000
OI409P8400,,13:40:21.500#,80.000000,88.000000,63.500000,613.000000,0.500000,24,28,70.500000,16,71.000000,81,71.500000,22,72.000000,30,72.500000,42,74.500000,49,75.000000,13,75.500000,12,76.000000,25,76.500000,6,72.500000
OI409P8400,,13:40:21.750#,80.000000,88.000000,63.500000,613.000000,0.500000,24,28,70.500000,16,71.000000,81,71.500000,22,72.000000,30,72.500000,22,74.500000,49,75.000000,13,75.500000,12,76.000000,31,77.000000,21,72.500000
OI409P8400,,13:40:24.0#,80.000000,88.000000,63.500000,613.000000,0.500000,24,28,70.500000,16,71.000000,81,71.500000,22,72.000000,30,72.500000,22,74.500000,49,75.000000,13,75.500000,12,76.000000,31,77.000000,21,72.500000
OI409P8400,,13:40:24.500#,80.000000,88.000000,63.500000,613.000000,0.500000,24,28,70.500000,16,71.000000,87,71.500000,22,72.000000,24,72.500000,22,73.500000,6,74.500000,43,75.000000,13,75.500000,12,76.000000,31,72.500000
OI409P8400,,13:40:24.750#,80.000000,88.000000,63.500000,613.000000,0.500000,24,28,70.500000,16,71.000000,81,71.500000,28,72.000000,24,72.500000,42,74.000000,6,74.500000,43,75.000000,13,75.500000,12,76.000000,31,72.500000
OI409P8400,,13:40:25.0#,80.000000,88.000000,63.500000,613.000000,0.500000,24,28,70.500000,16,71.000000,81,71.500000,28,72.000000,24,72.500000,42,74.000000,11,74.500000,23,75.000000,13,75.500000,12,76.000000,31,72.500000
OI409P8400,,13:40:25.250#,80.000000,88.000000,63.500000,613.000000,0.500000,24,28,70.500000,16,71.000000,81,71.500000,28,72.000000,24,72.500000,42,74.000000,31,74.500000,23,75.000000,13,75.500000,12,76.000000,31,72.500000
OI409P8400,,13:40:26.0#,80.000000,88.000000,63.500000,613.000000,0.500000,24,28,70.500000,16,71.000000,81,71.500000,28,72.000000,24,72.500000,42,74.000000,11,74.500000,23,75.000000,13,75.500000,12,76.000000,31,72.500000
OI409P8400,,13:40:28.0#,80.000000,88.000000,63.500000,613.000000,0.500000,24,28,70.500000,22,71.000000,75,71.500000,28,72.000000,24,72.500000,42,74.000000,11,74.500000,23,75.000000,19,75.500000,6,76.000000,31,72.500000
OI409P8400,,13:40:28.250#,80.000000,88.000000,63.500000,613.000000,0.500000,24,28,70.500000,22,71.000000,75,71.500000,28,72.000000,24,72.500000,42,74.000000,31,74.500000,23,75.000000,19,75.500000,6,76.000000,31,72.500000
OI409P8400,,13:40:28.500#,80.000000,88.000000,63.500000,613.000000,0.500000,24,28,70.500000,22,71.000000,75,71.500000,28,72.000000,24,72.500000,22,74.000000,31,74.500000,23,75.000000,19,75.500000,6,76.000000,31,72.500000
OI409P8400,,13:40:28.750#,80.000000,88.000000,63.500000,613.000000,0.500000,24,28,70.500000,22,71.000000,75,71.500000,28,72.000000,24,72.500000,42,74.000000,31,74.500000,23,75.000000,19,75.500000,6,76.000000,31,72.500000
OI409P8400,,13:40:29.0#,80.000000,88.000000,63.500000,613.000000,0.500000,24,28,70.500000,22,71.000000,75,71.500000,28,72.000000,24,72.500000,22,74.000000,31,74.500000,23,75.000000,19,75.500000,6,76.000000,31,72.500000
OI409P8400,,13:40:29.500#,80.000000,88.000000,63.500000,613.000000,0.500000,24,28,70.500000,22,71.000000,81,71.500000,22,72.000000,16,72.500000,16,74.000000,37,74.500000,17,75.000000,19,75.500000,12,76.000000,25,72.500000
OI409P8400,,13:40:31.0#,80.000000,88.000000,63.500000,613.000000,0.500000,24,28,70.000000,12,70.500000,22,71.000000,87,71.500000,22,72.000000,13,73.500000,5,74.000000,41,74.500000,18,75.000000,18,75.500000,12,72.500000
OI409P8400,,13:40:32.250#,80.000000,88.000000,63.500000,613.000000,0.500000,24,28,70.000000,12,70.500000,22,71.000000,87,71.500000,22,72.000000,13,73.500000,5,74.000000,41,74.500000,18,75.000000,24,75.500000,6,72.500000
OI409P8400,,13:40:32.500#,80.000000,88.000000,63.500000,613.000000,0.500000,24,28,70.000000,12,70.500000,22,71.000000,87,71.500000,28,72.000000,7,73.500000,5,74.000000,41,74.500000,18,75.000000,24,75.500000,6,72.500000
OI409P8400,,13:40:32.750#,80.000000,88.000000,63.500000,613.000000,0.500000,24,28,70.000000,12,70.500000,22,71.000000,87,71.500000,28,72.000000,27,73.500000,5,74.000000,41,74.500000,18,75.000000,24,75.500000,6,72.500000
OI409P8400,,13:40:35.750#,80.000000,88.000000,63.500000,613.000000,0.500000,24,28,70.000000,12,70.500000,22,71.000000,87,71.500000,28,72.000000,27,73.000000,1,73.500000,5,74.000000,41,74.500000,18,75.000000,24,72.500000
OI409P8400,,13:40:36.0#,80.000000,88.000000,63.500000,613.000000,0.500000,24,28,70.000000,12,70.500000,22,71.000000,87,71.500000,28,72.000000,27,73.000000,1,73.500000,5,74.000000,41,74.500000,18,75.000000,24,72.500000
OI409P8400,,13:40:36.250#,80.000000,88.000000,63.500000,613.000000,0.500000,24,28,70.000000,12,70.500000,22,71.000000,87,71.500000,28,72.000000,27,73.000000,1,73.500000,5,74.000000,41,74.500000,18,75.000000,24,72.500000
OI409P8400,,13:40:36.500#,80.000000,88.000000,63.500000,613.000000,0.500000,24,28,70.000000,12,70.500000,22,71.000000,81,71.500000,34,72.000000,27,73.000000,1,73.500000,5,74.000000,40,74.500000,24,75.000000,24,72.500000
OI409P8400,,13:40:37.250#,80.000000,88.000000,63.500000,613.000000,0.500000,24,28,70.000000,12,70.500000,12,71.000000,81,71.500000,34,72.000000,27,73.000000,1,73.500000,5,74.000000,40,74.500000,24,75.000000,24,72.500000
OI409P8400,,13:40:38.250#,80.000000,88.000000,63.500000,613.000000,0.500000,24,28,70.000000,12,70.500000,12,71.000000,81,71.500000,34,72.000000,27,73.000000,1,73.500000,5,74.000000,40,74.500000,24,75.000000,24,72.500000
OI409P8400,,13:40:38.500#,80.000000,88.000000,63.500000,613.000000,0.500000,24,28,70.000000,12,70.500000,12,71.000000,87,71.500000,28,72.000000,27,73.000000,1,73.500000,5,74.000000,46,74.500000,18,75.000000,24,72.500000
OI409P8400,,13:40:39.750#,80.000000,88.000000,63.500000,613.000000,0.500000,24,28,70.000000,12,70.500000,12,71.000000,87,71.500000,28,72.000000,27,73.000000,1,73.500000,3,74.000000,46,74.500000,18,75.000000,24,72.500000
OI409P8400,,13:40:41.750#,80.000000,88.000000,63.500000,613.000000,0.500000,24,28,70.000000,12,70.500000,12,71.000000,87,71.500000,28,72.000000,27,73.000000,1,73.500000,3,74.000000,46,74.500000,18,75.000000,24,72.500000
OI409P8400,,13:40:43.500#,80.000000,88.000000,63.500000,613.000000,0.500000,24,28,70.000000,12,70.500000,12,71.000000,87,71.500000,28,72.000000,27,73.000000,1,73.500000,3,74.000000,46,74.500000,18,75.000000,24,72.500000
OI409P8400,,13:40:43.750#,80.000000,88.000000,63.500000,613.000000,0.500000,24,28,70.000000,12,70.500000,12,71.000000,87,71.500000,28,72.000000,27,73.000000,1,73.500000,3,74.000000,46,74.500000,18,75.000000,24,72.500000
OI409P8400,,13:40:44.0#,80.000000,88.000000,63.500000,613.000000,0.500000,24,28,70.000000,12,70.500000,12,71.000000,87,71.500000,28,72.000000,27,73.000000,1,73.500000,3,74.000000,46,74.500000,17,75.000000,25,72.500000
OI409P8400,,13:40:44.250#,80.000000,88.000000,63.500000,613.000000,0.500000,24,28,70.000000,12,70.500000,12,71.000000,87,71.500000,28,72.000000,27,73.000000,1,73.500000,3,74.000000,46,74.500000,17,75.000000,25,72.500000
OI409P8400,,13:40:49.750#,80.000000,88.000000,63.500000,613.000000,0.500000,24,28,70.000000,18,70.500000,25,71.000000,68,71.500000,28,72.000000,5,73.000000,7,73.500000,15,74.000000,40,74.500000,6,75.000000,24,72.500000
OI409P8400,,13:40:50.0#,80.000000,88.000000,63.500000,613.000000,0.500000,24,28,70.000000,18,70.500000,25,71.000000,68,71.500000,28,72.000000,5,73.000000,10,73.500000,15,74.000000,40,74.500000,6,75.000000,24,72.500000
OI409P8400,,13:40:50.250#,80.000000,88.000000,63.500000,613.000000,0.500000,24,28,69.000000,17,70.000000,46,70.500000,13,71.000000,43,71.500000,22,72.500000,6,73.000000,6,73.500000,15,74.000000,41,74.500000,17,72.500000
OI409P8400,,13:40:51.0#,80.000000,88.000000,63.500000,613.000000,0.500000,24,28,69.000000,17,70.000000,46,70.500000,13,71.000000,43,71.500000,22,72.500000,6,73.000000,4,73.500000,15,74.000000,41,74.500000,17,72.500000
OI409P8400,,13:40:51.500#,80.000000,88.000000,63.500000,613.000000,0.500000,24,28,69.000000,17,70.000000,46,70.500000,13,71.000000,43,71.500000,22,73.000000,10,73.500000,15,74.000000,41,74.500000,17,75.000000,12,72.500000
OI409P8400,,13:40:51.750#,80.000000,88.000000,63.500000,613.000000,0.500000,24,28,69.000000,17,70.000000,46,70.500000,13,71.000000,43,71.500000,22,73.000000,10,73.500000,15,74.000000,41,74.500000,17,75.000000,12,72.500000
OI409P8400,,13:40:52.0#,80.000000,88.000000,63.500000,613.000000,0.500000,24,28,69.000000,17,70.000000,46,70.500000,13,71.000000,43,71.500000,22,72.500000,6,73.000000,4,73.500000,15,74.000000,41,74.500000,17,72.500000
OI409P8400,,13:40:52.500#,80.000000,88.000000,63.500000,613.000000,0.500000,24,28,69.000000,17,70.000000,46,70.500000,13,71.000000,43,71.500000,22,72.500000,6,73.000000,4,73.500000,15,74.000000,41,74.500000,17,72.500000
OI409P8400,,13:40:54.500#,80.000000,88.000000,63.500000,613.000000,0.500000,24,28,69.000000,17,70.000000,46,70.500000,13,71.000000,43,71.500000,22,72.500000,6,73.000000,3,73.500000,15,74.000000,41,74.500000,17,72.500000
OI409P8400,,13:40:54.750#,80.000000,88.000000,63.500000,613.000000,0.500000,24,28,69.000000,17,70.000000,46,70.500000,13,71.000000,43,71.500000,22,72.500000,7,73.000000,3,73.500000,15,74.000000,41,74.500000,17,72.500000
OI409P8400,,13:40:55.250#,80.000000,88.000000,63.500000,613.000000,0.500000,24,28,69.000000,17,70.000000,46,70.500000,13,71.000000,43,71.500000,22,72.500000,7,73.000000,3,73.500000,15,74.000000,47,74.500000,11,72.500000
OI409P8400,,13:40:58.750#,80.000000,88.000000,63.500000,613.000000,0.500000,24,28,69.000000,17,70.000000,47,70.500000,12,71.000000,49,71.500000,11,72.500000,9,73.000000,3,73.500000,21,74.000000,41,74.500000,11,72.500000
OI409P8400,,13:40:59.0#,80.000000,88.000000,63.500000,613.000000,0.500000,24,28,69.000000,23,70.000000,47,70.500000,12,71.000000,49,71.500000,5,72.500000,9,73.000000,3,73.500000,21,74.000000,47,74.500000,11,72.500000
OI409P8400,,13:40:59.250#,80.000000,88.000000,63.500000,613.000000,0.500000,24,28,69.000000,23,70.000000,47,70.500000,12,71.000000,49,71.500000,25,72.500000,9,73.000000,3,73.500000,21,74.000000,47,74.500000,11,72.500000
OI409P8400,,13:40:59.750#,80.000000,88.000000,63.500000,613.000000,0.500000,24,28,69.000000,23,70.000000,53,70.500000,6,71.000000,49,71.500000,25,72.500000,9,73.000000,9,73.500000,15,74.000000,47,74.500000,11,72.500000
OI409P8400,,13:41:00.500#,80.000000,88.000000,63.500000,613.000000,0.500000,24,28,69.500000,6,70.000000,47,70.500000,6,71.000000,49,71.500000,5,72.000000,6,72.500000,3,73.000000,9,73.500000,15,74.000000,47,72.500000
OI409P8400,,13:41:00.750#,80.000000,88.000000,63.500000,613.000000,0.500000,24,28,69.500000,12,70.000000,35,70.500000,12,71.000000,49,71.500000,5,72.000000,6,72.500000,3,73.000000,3,73.500000,21,74.000000,49,72.500000
OI409P8400,,13:41:01.0#,80.000000,88.000000,63.500000,613.000000,0.500000,24,28,69.500000,12,70.000000,35,70.500000,12,71.000000,44,71.500000,5,72.000000,8,72.500000,3,73.000000,3,73.500000,27,74.000000,43,72.500000
OI409P8400,,13:41:01.250#,80.000000,88.000000,63.500000,613.000000,0.500000,24,28,69.000000,23,69.500000,12,70.000000,35,70.500000,12,71.000000,44,72.000000,8,72.500000,3,73.000000,3,73.500000,28,74.000000,42,72.500000
OI409P8400,,13:41:01.500#,80.000000,88.000000,63.500000,613.000000,0.500000,24,28,69.000000,23,69.500000,12,70.000000,35,70.500000,12,71.000000,44,72.000000,8,72.500000,3,73.000000,3,73.500000,28,74.000000,42,72.500000
OI409P8400,,13:41:01.750#,80.000000,88.000000,63.500000,613.000000,0.500000,24,28,69.000000,23,69.500000,12,70.000000,41,70.500000,6,71.000000,44,72.000000,8,72.500000,3,73.000000,3,73.500000,28,74.000000,42,72.500000
OI409P8400,,13:41:02.0#,80.000000,88.000000,63.500000,613.000000,0.500000,24,28,69.000000,23,69.500000,12,70.000000,41,70.500000,6,71.000000,44,72.000000,8,72.500000,3,73.000000,3,73.500000,28,74.000000,42,72.500000
OI409P8400,,13:41:04.500#,80.000000,88.000000,63.500000,613.000000,0.500000,24,28,69.000000,29,69.500000,19,70.000000,34,70.500000,6,71.000000,50,72.000000,8,72.500000,9,73.000000,15,73.500000,10,74.000000,48,72.500000
OI409P8400,,13:41:04.750#,80.000000,88.000000,63.500000,613.000000,0.500000,24,28,69.000000,29,69.500000,25,70.000000,28,70.500000,6,71.000000,30,72.000000,8,72.500000,9,73.000000,15,73.500000,10,74.000000,48,72.500000
OI409P8400,,13:41:05.0#,80.000000,88.000000,63.500000,613.000000,0.500000,24,28,69.000000,29,69.500000,25,70.000000,28,70.500000,6,71.000000,50,72.000000,8,72.500000,9,73.000000,15,73.500000,10,74.000000,48,72.500000
OI409P8400,,13:41:05.500#,80.000000,88.000000,63.500000,613.000000,0.500000,24,28,69.000000,29,69.500000,25,70.000000,28,70.500000,6,71.000000,50,72.000000,8,72.500000,3,73.000000,21,73.500000,10,74.000000,48,72.500000
OI409P8400,,13:41:05.750#,80.000000,88.000000,63.500000,613.000000,0.500000,24,28,69.000000,29,69.500000,19,70.000000,34,70.500000,6,71.000000,50,72.000000,8,72.500000,3,73.000000,21,73.500000,10,74.000000,48,72.500000
OI409P8400,,13:41:06.0#,80.000000,88.000000,63.500000,613.000000,0.500000,24,28,69.000000,41,69.500000,7,70.000000,34,70.500000,6,71.000000,30,71.500000,6,72.000000,2,72.500000,3,73.000000,21,73.500000,16,72.500000
OI409P8400,,13:41:07.0#,80.000000,88.000000,63.500000,613.000000,0.500000,24,29,69.000000,29,69.500000,18,70.000000,35,70.500000,6,71.000000,54,72.000000,2,72.500000,3,73.000000,21,73.500000,10,74.000000,54,71.500000
OI409P8400,,13:41:07.500#,80.000000,88.000000,63.500000,613.000000,0.500000,24,29,69.000000,29,69.500000,18,70.000000,35,70.500000,6,71.000000,57,72.500000,3,73.000000,21,73.500000,9,74.000000,53,74.500000,3,71.500000
OI409P8400,,13:41:12.0#,80.000000,88.000000,63.500000,613.000000,0.500000,24,29,69.000000,29,69.500000,13,70.000000,34,70.500000,6,71.000000,33,72.500000,25,73.000000,21,73.500000,10,74.000000,26,74.500000,3,71.500000
OI409P8400,,13:41:13.0#,80.000000,88.000000,63.500000,613.000000,0.500000,24,29,69.000000,35,69.500000,7,70.000000,40,70.500000,6,71.000000,33,72.500000,31,73.000000,21,73.500000,16,74.000000,20,74.500000,3,71.500000
OI409P8400,,13:41:15.500#,80.000000,88.000000,63.500000,613.000000,0.500000,24,29,69.000000,35,69.500000,13,70.000000,34,70.500000,6,71.000000,5,72.500000,31,73.000000,28,73.500000,9,74.000000,20,74.500000,3,71.500000
OI409P8400,,13:41:16.0#,80.000000,88.000000,63.500000,613.000000,0.500000,24,29,69.000000,41,69.500000,7,70.000000,34,70.500000,6,71.000000,5,71.500000,6,72.500000,25,73.000000,28,73.500000,9,74.000000,20,71.500000
OI409P8400,,13:41:17.0#,80.000000,88.000000,63.500000,613.000000,0.500000,24,29,68.000000,6,69.000000,58,69.500000,19,70.500000,6,71.000000,5,71.500000,6,72.500000,31,73.000000,28,73.500000,9,74.000000,20,71.500000
OI409P8400,,13:41:20.500#,80.000000,88.000000,63.500000,613.000000,0.500000,24,28,67.000000,6,68.000000,6,69.000000,59,69.500000,12,70.000000,26,72.500000,46,73.000000,22,73.500000,9,74.000000,20,74.500000,3,71.000000
OI409P8400,,13:41:32.500#,80.000000,88.000000,63.500000,613.000000,0.500000,24,28,67.000000,6,69.000000,35,69.500000,19,70.000000,33,70.500000,30,72.500000,5,73.000000,21,73.500000,9,74.000000,33,74.500000,9,71.000000
OI409P8400,,13:41:34.0#,80.000000,88.000000,63.500000,613.000000,0.500000,24,28,67.000000,6,69.000000,41,69.500000,26,70.000000,20,70.500000,50,72.500000,31,73.000000,21,73.500000,16,74.000000,26,74.500000,3,71.000000
OI409P8400,,13:41:37.250#,80.000000,88.000000,63.500000,613.000000,0.500000,24,28,67.000000,12,69.000000,35,69.500000,26,70.000000,26,70.500000,50,72.500000,5,73.000000,27,73.500000,10,74.000000,32,74.500000,3,71.000000
OI409P8400,,13:41:56.500#,80.000000,88.000000,63.500000,613.000000,0.500000,24,28,68.000000,6,69.000000,35,69.500000,12,70.000000,46,70.500000,56,72.500000,7,73.000000,27,73.500000,9,74.000000,33,74.500000,3,71.000000
OI409P8400,,13:42:02.500#,80.000000,88.000000,63.500000,613.000000,0.500000,24,28,68.000000,6,69.000000,35,69.500000,12,70.000000,52,70.500000,50,72.500000,3,73.000000,27,73.500000,9,74.000000,33,74.500000,3,71.000000
OI409P8400,,13:42:05.0#,80.000000,88.000000,63.500000,613.000000,0.500000,24,28,68.000000,6,69.000000,35,69.500000,12,70.000000,40,70.500000,62,72.500000,1,73.000000,21,73.500000,15,74.000000,33,74.500000,3,71.000000
OI409P8400,,13:42:05.250#,80.000000,88.000000,63.500000,613.000000,0.500000,24,28,68.000000,6,69.000000,35,69.500000,6,70.000000,46,70.500000,62,72.500000,1,73.000000,21,73.500000,15,74.000000,27,74.500000,9,71.000000
OI409P8400,,13:42:07.0#,80.000000,88.000000,63.500000,613.000000,0.500000,24,28,68.000000,6,69.000000,35,69.500000,6,70.000000,52,70.500000,56,72.500000,3,73.000000,27,73.500000,9,74.000000,27,74.500000,9,71.000000
OI409P8400,,13:42:23.500#,80.000000,88.000000,63.500000,613.000000,0.500000,24,28,67.000000,6,68.000000,18,68.500000,13,69.000000,60,69.500000,19,70.500000,6,71.000000,5,71.500000,2,72.000000,29,72.500000,38,70.500000
OI409P8400,,13:42:24.750#,80.000000,88.000000,63.500000,613.000000,0.500000,24,28,67.000000,6,68.000000,6,68.500000,19,69.000000,66,69.500000,19,71.500000,7,72.000000,29,72.500000,32,73.000000,21,73.500000,3,70.500000
OI409P8400,,13:42:30.750#,80.000000,88.000000,63.500000,613.000000,0.500000,24,28,67.000000,6,68.000000,12,68.500000,19,69.000000,60,69.500000,19,71.000000,12,71.500000,33,72.000000,29,72.500000,12,73.000000,9,70.500000
OI409P8400,,13:42:32.0#,80.000000,88.000000,63.500000,613.000000,0.500000,24,28,67.000000,6,68.000000,12,68.500000,19,69.000000,60,69.500000,19,71.000000,6,71.500000,39,72.000000,29,72.500000,12,73.000000,9,70.500000
OI409P8400,,13:42:37.500#,80.000000,88.000000,63.500000,613.000000,0.500000,24,28,66.500000,6,68.000000,12,68.500000,40,69.000000,35,69.500000,19,71.000000,33,71.500000,13,72.000000,30,72.500000,7,73.000000,6,70.500000
OI409P8400,,13:42:45.0#,80.000000,88.000000,63.500000,613.000000,0.500000,24,28,66.500000,6,68.000000,6,68.500000,30,69.000000,51,69.500000,19,71.000000,3,71.500000,34,72.000000,35,72.500000,2,73.000000,12,70.500000
OI409P8400,,13:42:46.500#,80.000000,88.000000,63.500000,613.000000,0.500000,24,28,66.500000,6,68.000000,6,68.500000,30,69.000000,51,69.500000,19,71.000000,3,71.500000,40,72.000000,29,72.500000,2,73.000000,12,70.500000
OI409P8400,,13:42:52.0#,80.000000,88.000000,63.500000,613.000000,0.500000,24,28,66.500000,6,68.000000,6,68.500000,30,69.000000,51,69.500000,19,71.500000,40,72.000000,29,72.500000,2,73.000000,12,74.000000,23,70.500000
OI409P8400,,13:42:52.250#,80.000000,88.000000,63.500000,613.000000,0.500000,24,28,66.500000,6,68.000000,6,68.500000,30,69.000000,51,69.500000,19,71.500000,40,72.000000,29,72.500000,2,73.000000,12,74.000000,23,70.500000
OI409P8400,,13:43:03.0#,80.000000,88.000000,63.500000,613.000000,0.500000,24,28,66.500000,6,68.000000,6,68.500000,30,69.000000,51,69.500000,19,71.500000,37,72.000000,29,72.500000,2,73.000000,12,74.000000,23,70.500000
OI409P8400,,13:43:04.500#,80.000000,88.000000,63.500000,613.000000,0.500000,24,28,66.500000,6,68.000000,12,68.500000,24,69.000000,51,69.500000,19,71.500000,37,72.000000,29,72.500000,8,73.000000,6,74.000000,23,70.500000
OI409P8400,,13:43:05.500#,80.000000,88.000000,63.500000,613.000000,0.500000,24,28,66.500000,6,68.000000,12,68.500000,30,69.000000,45,69.500000,19,71.500000,43,72.000000,23,72.500000,8,73.000000,6,74.000000,23,70.500000
OI409P8400,,13:43:10.0#,80.000000,88.000000,63.500000,613.000000,0.500000,24,28,66.500000,6,68.000000,6,68.500000,30,69.000000,51,69.500000,19,71.500000,37,72.000000,29,72.500000,2,73.000000,12,74.000000,23,70.500000
OI409P8400,,13:43:10.250#,80.000000,88.000000,63.500000,613.000000,0.500000,24,28,66.500000,6,68.000000,6,68.500000,29,69.000000,52,69.500000,19,71.500000,37,72.000000,29,72.500000,2,73.000000,12,74.000000,23,70.500000
OI409P8400,,13:43:14.250#,80.000000,88.000000,63.500000,613.000000,0.500000,24,28,66.500000,6,68.000000,6,68.500000,30,69.000000,51,69.500000,19,71.500000,37,72.000000,29,72.500000,2,73.000000,12,74.000000,23,70.500000
OI409P8400,,13:43:20.0#,80.000000,88.000000,63.500000,613.000000,0.500000,24,28,66.500000,6,68.000000,6,68.500000,18,69.000000,57,69.500000,25,71.500000,31,72.000000,35,72.500000,2,73.000000,12,74.000000,23,70.500000
OI409P8400,,13:43:21.0#,80.000000,88.000000,63.500000,613.000000,0.500000,24,28,66.500000,6,68.000000,6,68.500000,18,69.000000,57,69.500000,25,71.000000,2,71.500000,31,72.000000,33,72.500000,2,73.000000,12,70.500000
OI409P8400,,13:43:21.500#,80.000000,88.000000,63.500000,613.000000,0.500000,24,28,66.500000,6,68.000000,6,68.500000,18,69.000000,57,69.500000,25,71.000000,2,71.500000,29,72.000000,33,72.500000,2,73.000000,12,70.500000
OI409P8400,,13:43:22.500#,80.000000,88.000000,63.500000,613.000000,0.500000,24,28,66.500000,6,68.000000,6,68.500000,18,69.000000,57,69.500000,25,71.000000,2,71.500000,29,72.000000,33,72.500000,1,73.000000,12,70.500000
OI409P8400,,13:43:22.750#,80.000000,88.000000,63.500000,613.000000,0.500000,24,28,66.500000,6,68.000000,6,68.500000,18,69.000000,57,69.500000,25,71.000000,2,71.500000,29,72.000000,33,72.500000,1,73.000000,13,70.500000
OI409P8400,,13:43:27.0#,80.000000,88.000000,63.500000,613.000000,0.500000,24,28,66.500000,6,68.000000,6,68.500000,18,69.000000,63,69.500000,19,71.000000,5,71.500000,35,72.000000,27,72.500000,2,73.000000,12,70.500000
OI409P8400,,13:43:27.500#,80.000000,88.000000,63.500000,613.000000,0.500000,24,28,66.500000,6,68.000000,6,68.500000,18,69.000000,63,69.500000,19,71.000000,3,71.500000,35,72.000000,27,72.500000,2,73.000000,12,70.500000
OI409P8400,,13:43:27.750#,80.000000,88.000000,63.500000,613.000000,0.500000,24,28,66.500000,6,68.000000,6,68.500000,24,69.000000,57,69.500000,19,71.000000,3,71.500000,41,72.000000,21,72.500000,2,73.000000,12,70.500000
OI409P8400,,13:43:28.0#,80.000000,88.000000,63.500000,613.000000,0.500000,24,28,66.500000,6,68.000000,6,68.500000,24,69.000000,57,69.500000,19,71.000000,3,71.500000,41,72.000000,21,72.500000,2,73.000000,12,70.500000
OI409P8400,,13:43:28.750#,80.000000,88.000000,63.500000,613.000000,0.500000,24,28,66.500000,6,68.000000,6,68.500000,18,69.000000,63,69.500000,19,71.000000,3,71.500000,35,72.000000,27,72.500000,2,73.000000,12,70.500000
OI409P8400,,13:43:33.750#,80.000000,88.000000,63.500000,613.000000,0.500000,24,28,66.500000,6,68.000000,6,68.500000,19,69.000000,62,69.500000,19,71.000000,3,71.500000,35,72.000000,27,72.500000,2,73.000000,12,70.500000
OI409P8400,,13:43:41.500#,80.000000,88.000000,63.500000,613.000000,0.500000,24,28,66.500000,6,68.000000,24,68.500000,34,69.000000,35,69.500000,5,71.000000,31,71.500000,41,72.000000,16,72.500000,7,73.000000,6,70.500000
OI409P8400,,13:43:42.0#,80.000000,88.000000,63.500000,613.000000,0.500000,24,28,67.500000,6,68.000000,24,68.500000,34,69.000000,29,69.500000,5,71.000000,62,71.500000,14,72.000000,22,72.500000,7,73.000000,6,70.500000
OI409P8400,,13:43:42.500#,80.000000,88.000000,63.500000,613.000000,0.500000,24,28,66.500000,6,68.000000,29,68.500000,35,69.000000,29,69.500000,25,71.000000,62,71.500000,14,72.000000,16,72.500000,13,73.000000,6,70.500000
OI409P8400,,13:43:44.500#,80.000000,88.000000,63.500000,613.000000,0.500000,24,28,66.500000,6,68.000000,35,68.500000,29,69.000000,29,69.500000,25,71.000000,68,71.500000,8,72.000000,16,72.500000,13,73.000000,6,70.500000
OI409P8400,,13:43:44.750#,80.000000,88.000000,63.500000,613.000000,0.500000,24,28,66.500000,6,68.000000,35,68.500000,29,69.000000,29,69.500000,5,71.000000,68,71.500000,8,72.000000,16,72.500000,13,73.000000,6,70.500000
OI409P8400,,13:43:45.750#,80.000000,88.000000,63.500000,613.000000,0.500000,24,28,66.500000,6,68.000000,29,68.500000,35,69.000000,29,69.500000,5,71.000000,62,71.500000,14,72.000000,16,72.500000,13,73.000000,6,70.500000
OI409P8400,,13:43:48.500#,80.000000,88.000000,63.500000,613.000000,0.500000,24,28,66.500000,6,67.500000,12,68.000000,46,68.500000,12,69.000000,28,70.000000,8,70.500000,21,71.000000,36,71.500000,26,72.000000,10,70.500000
OI409P8400,,13:43:49.0#,80.000000,88.000000,63.500000,613.000000,0.500000,24,28,66.500000,6,67.500000,6,68.000000,42,68.500000,22,69.000000,30,70.500000,21,71.000000,48,71.500000,20,72.000000,10,72.500000,38,70.500000
OI409P8400,,13:43:49.500#,80.000000,88.000000,63.500000,613.000000,0.500000,24,28,66.500000,6,67.500000,6,68.000000,41,68.500000,23,69.000000,30,70.500000,25,71.000000,48,71.500000,20,72.000000,10,72.500000,38,70.500000
OI409P8400,,13:43:51.0#,80.000000,88.000000,63.500000,613.000000,0.500000,24,28,67.000000,6,67.500000,6,68.000000,30,68.500000,28,69.000000,30,70.500000,25,71.000000,42,71.500000,26,72.000000,16,72.500000,38,70.500000
OI409P8400,,13:43:51.750#,80.000000,88.000000,63.500000,613.000000,0.500000,24,28,67.000000,6,67.500000,6,68.000000,36,68.500000,22,69.000000,30,70.500000,25,71.000000,48,71.500000,20,72.000000,16,72.500000,38,70.500000
OI409P8400,,13:43:53.500#,80.000000,88.000000,63.500000,613.000000,0.500000,24,28,67.000000,6,67.500000,6,68.000000,36,68.500000,28,69.000000,24,70.500000,25,71.000000,48,71.500000,20,72.000000,16,72.500000,38,70.500000
OI409P8400,,13:43:54.0#,80.000000,88.000000,63.500000,613.000000,0.500000,24,28,67.000000,6,67.500000,18,68.000000,46,68.500000,6,69.000000,22,70.000000,9,70.500000,28,71.000000,28,71.500000,15,72.000000,21,70.500000
OI409P8400,,13:43:54.500#,80.000000,88.000000,63.500000,613.000000,0.500000,24,28,67.000000,6,67.500000,18,68.000000,46,68.500000,6,69.000000,22,70.000000,9,70.500000,28,71.000000,28,71.500000,15,72.000000,21,70.500000
OI409P8400,,13:43:55.500#,80.000000,88.000000,63.500000,613.000000,0.500000,24,28,67.000000,6,67.500000,12,68.000000,40,68.500000,18,69.000000,44,70.000000,3,70.500000,28,71.000000,28,71.500000,20,72.000000,22,70.500000
OI409P8400,,13:43:56.250#,80.000000,88.000000,63.500000,613.000000,0.500000,24,28,67.000000,6,67.500000,12,68.000000,40,68.500000,18,69.000000,44,70.000000,3,70.500000,28,71.000000,23,71.500000,20,72.000000,22,70.500000
OI409P8400,,13:43:56.750#,80.000000,88.000000,63.500000,613.000000,0.500000,24,28,67.000000,6,67.500000,12,68.000000,40,68.500000,18,69.000000,44,70.500000,28,71.000000,23,71.500000,20,72.000000,22,72.500000,32,70.500000
OI409P8400,,13:43:57.0#,80.000000,88.000000,63.500000,613.000000,0.500000,24,28,67.000000,6,67.500000,12,68.000000,40,68.500000,18,69.000000,44,70.500000,28,71.000000,23,71.500000,20,72.000000,22,72.500000,32,70.500000
OI409P8400,,13:44:04.250#,80.000000,88.000000,63.500000,613.000000,0.500000,24,28,67.000000,6,67.500000,12,68.000000,30,68.500000,28,69.000000,48,70.500000,15,71.000000,39,71.500000,14,72.000000,22,72.500000,32,70.500000
OI409P8400,,13:44:07.500#,80.000000,88.000000,63.500000,613.000000,0.500000,24,28,67.000000,6,67.500000,12,68.000000,30,68.500000,28,69.000000,48,70.500000,15,71.000000,39,71.500000,14,72.000000,17,72.500000,32,70.500000
OI409P8400,,13:44:08.250#,80.000000,88.000000,63.500000,613.000000,0.500000,24,28,67.000000,6,67.500000,6,68.000000,35,68.500000,29,69.000000,48,70.500000,11,71.000000,39,71.500000,14,72.000000,11,72.500000,38,70.500000
OI409P8400,,13:44:20.0#,80.000000,88.000000,63.500000,613.000000,0.500000,24,28,67.000000,6,67.500000,25,68.000000,33,68.500000,12,69.000000,26,70.000000,23,70.500000,17,71.000000,17,71.500000,15,72.000000,16,70.500000
OI409P8400,,13:44:24.0#,80.000000,88.000000,63.500000,613.000000,0.500000,24,28,67.000000,6,67.500000,25,68.000000,33,68.500000,12,69.000000,26,70.000000,15,70.500000,17,71.000000,29,71.500000,9,72.000000,16,70.500000
OI409P8400,,13:44:29.500#,80.000000,88.000000,63.500000,613.000000,0.500000,24,28,67.000000,12,67.500000,37,68.000000,21,68.500000,6,69.000000,22,70.000000,36,70.500000,12,71.000000,17,71.500000,15,72.000000,16,69.000000
OI409P8400,,13:44:31.0#,80.000000,88.000000,63.500000,613.000000,0.500000,24,28,67.000000,6,67.500000,24,68.000000,34,68.500000,12,69.000000,44,70.500000,50,71.000000,29,71.500000,14,72.000000,11,72.500000,32,69.000000
OI409P8400,,13:44:31.500#,80.000000,88.000000,63.500000,613.000000,0.500000,24,28,67.000000,6,67.500000,18,68.000000,40,68.500000,12,69.000000,44,70.500000,30,71.000000,29,71.500000,8,72.000000,11,72.500000,38,69.000000
OI409P8400,,13:44:32.500#,80.000000,88.000000,63.500000,613.000000,0.500000,24,28,67.000000,6,67.500000,18,68.000000,40,68.500000,12,69.000000,24,70.500000,30,71.000000,29,71.500000,8,72.000000,11,72.500000,38,69.000000
OI409P8400,,13:44:38.500#,80.000000,88.000000,63.500000,613.000000,0.500000,24,28,67.000000,6,67.500000,18,68.000000,40,68.500000,12,69.000000,45,70.500000,32,71.000000,29,71.500000,8,72.000000,11,72.500000,38,69.000000
OI409P8400,,13:44:50.500#,80.000000,88.000000,63.500000,613.000000,0.500000,24,28,67.000000,6,67.500000,24,68.000000,34,68.500000,12,69.000000,25,70.500000,32,71.000000,29,71.500000,8,72.000000,17,72.500000,32,69.000000
OI409P8400,,13:44:53.500#,80.000000,88.000000,63.500000,613.000000,0.500000,24,28,67.000000,6,67.500000,18,68.000000,34,68.500000,18,69.000000,45,70.500000,30,71.000000,23,71.500000,14,72.000000,17,72.500000,32,69.000000
OI409P8400,,13:44:54.500#,80.000000,88.000000,63.500000,613.000000,0.500000,24,28,67.000000,6,67.500000,18,68.000000,40,68.500000,12,69.000000,45,70.500000,30,71.000000,29,71.500000,8,72.000000,17,72.500000,32,69.000000
OI409P8400,,13:45:00.0#,80.000000,88.000000,63.500000,613.000000,0.500000,24,28,67.000000,6,67.500000,12,68.000000,45,68.500000,13,69.000000,45,70.500000,29,71.000000,23,71.500000,14,72.000000,11,72.500000,38,69.000000
OI409P8400,,13:45:08.250#,80.000000,88.000000,63.500000,613.000000,0.500000,24,28,67.000000,6,67.500000,12,68.000000,17,68.500000,22,69.000000,64,71.000000,27,71.500000,26,72.000000,10,72.500000,39,73.000000,6,70.500000
OI409P8400,,13:45:10.500#,80.000000,88.000000,63.500000,613.000000,0.500000,24,28,67.500000,6,68.000000,6,68.500000,45,69.000000,48,69.500000,50,71.000000,11,71.500000,28,72.000000,16,72.500000,32,73.000000,19,70.500000
OI409P8400,,13:45:23.750#,80.000000,88.000000,63.500000,613.000000,0.500000,24,28,66.500000,6,68.000000,6,68.500000,39,69.000000,48,69.500000,56,71.500000,21,72.000000,28,72.500000,32,73.000000,19,74.000000,11,70.500000
OI409P8400,,13:45:29.500#,80.000000,88.000000,63.500000,613.000000,0.500000,24,28,66.500000,6,68.000000,12,68.500000,45,69.000000,48,69.500000,50,71.500000,29,72.000000,22,72.500000,32,73.000000,25,74.000000,11,70.500000
OI409P8400,,13:45:30.0#,80.000000,88.000000,63.500000,613.000000,0.500000,24,28,66.500000,6,68.000000,12,68.500000,39,69.000000,53,69.500000,51,71.500000,27,72.000000,22,72.500000,32,73.000000,19,73.500000,6,70.500000
OI409P8400,,13:45:31.500#,80.000000,88.000000,63.500000,613.000000,0.500000,24,28,66.500000,6,68.000000,12,68.500000,33,69.000000,60,69.500000,50,71.500000,45,72.000000,28,72.500000,32,73.000000,19,73.500000,6,70.500000
OI409P8400,,13:45:32.750#,80.000000,88.000000,63.500000,613.000000,0.500000,24,28,66.500000,6,68.000000,12,68.500000,33,69.000000,60,69.500000,50,71.500000,25,72.000000,28,72.500000,32,73.000000,19,73.500000,6,70.500000
OI409P8400,,13:45:33.500#,80.000000,88.000000,63.500000,613.000000,0.500000,24,28,66.500000,6,68.000000,12,68.500000,39,69.000000,54,69.500000,50,71.500000,31,72.000000,22,72.500000,32,73.000000,19,73.500000,6,70.500000
OI409P8400,,13:45:38.0#,80.000000,88.000000,63.500000,613.000000,0.500000,24,28,66.500000,6,68.000000,12,68.500000,33,69.000000,54,69.500000,56,71.500000,21,72.000000,28,72.500000,32,73.000000,19,73.500000,6,70.500000
OI409P8400,,13:45:43.500#,80.000000,88.000000,63.500000,613.000000,0.500000,24,28,66.500000,6,68.000000,12,68.500000,6,69.000000,81,69.500000,57,71.500000,21,72.000000,22,72.500000,38,73.000000,19,73.500000,6,70.500000
OI409P8400,,13:46:02.0#,80.000000,88.000000,63.500000,613.000000,0.500000,24,28,68.000000,6,69.000000,49,69.500000,62,70.000000,35,70.500000,12,72.000000,17,72.500000,11,73.000000,30,74.000000,18,74.500000,6,70.500000
OI409P8400,,13:46:03.750#,80.000000,88.000000,63.500000,613.000000,0.500000,24,28,68.000000,6,69.000000,37,69.500000,68,70.000000,35,70.500000,36,72.500000,28,73.000000,24,74.000000,18,74.500000,12,75.000000,6,70.500000
OI409P8400,,13:46:04.250#,80.000000,88.000000,63.500000,613.000000,0.500000,24,28,68.000000,12,69.000000,31,69.500000,50,70.000000,58,70.500000,37,72.500000,28,73.000000,24,74.000000,17,74.500000,12,76.000000,37,70.500000
OI409P8400,,13:46:04.500#,80.000000,88.000000,63.500000,613.000000,0.500000,24,28,69.000000,31,69.500000,44,70.000000,48,70.500000,41,71.000000,12,72.500000,1,73.000000,28,73.500000,6,74.000000,23,74.500000,6,70.500000
OI409P8400,,13:46:04.750#,80.000000,88.000000,63.500000,613.000000,0.500000,24,28,69.000000,27,69.500000,38,70.000000,48,70.500000,35,71.000000,42,73.000000,16,73.500000,23,74.000000,17,74.500000,12,75.500000,6,72.500000
OI409P8400,,13:46:05.0#,80.000000,88.000000,63.500000,613.000000,0.500000,24,28,69.000000,27,69.500000,44,70.000000,48,70.500000,41,71.000000,36,73.000000,10,73.500000,18,74.000000,17,74.500000,18,75.000000,6,72.500000
OI409P8400,,13:46:05.250#,80.000000,88.000000,63.500000,613.000000,0.500000,24,28,69.000000,27,69.500000,44,70.000000,48,70.500000,41,71.000000,36,73.000000,21,73.500000,18,74.000000,17,74.500000,18,75.000000,6,72.500000
OI409P8400,,13:46:05.500#,80.000000,88.000000,63.500000,613.000000,0.500000,24,28,69.000000,27,69.500000,44,70.000000,48,70.500000,41,71.000000,36,73.000000,27,73.500000,18,74.000000,11,74.500000,18,75.000000,6,72.500000
OI409P8400,,13:46:05.750#,80.000000,88.000000,63.500000,613.000000,0.500000,24,28,69.000000,27,69.500000,44,70.000000,54,70.500000,35,71.000000,36,73.000000,49,73.500000,18,74.000000,11,74.500000,24,76.000000,31,72.500000
OI409P8400,,13:46:06.750#,80.000000,88.000000,63.500000,613.000000,0.500000,24,28,69.000000,27,69.500000,44,70.000000,54,70.500000,35,71.000000,36,73.000000,29,73.500000,18,74.000000,11,74.500000,24,76.000000,31,72.500000
OI409P8400,,13:46:07.250#,80.000000,88.000000,63.500000,613.000000,0.500000,24,28,69.000000,27,69.500000,44,70.000000,54,70.500000,35,71.000000,36,73.000000,29,73.500000,18,74.000000,11,74.500000,24,76.000000,31,72.500000
OI409P8400,,13:46:07.750#,80.000000,88.000000,63.500000,613.000000,0.500000,24,28,69.000000,23,69.500000,34,70.000000,48,70.500000,41,71.000000,36,73.000000,21,73.500000,24,74.000000,11,74.500000,24,76.000000,31,72.500000
OI409P8400,,13:46:08.750#,80.000000,88.000000,63.500000,613.000000,0.500000,24,28,69.000000,23,69.500000,34,70.000000,54,70.500000,35,71.000000,36,73.000000,27,73.500000,18,74.000000,11,74.500000,24,76.000000,31,72.500000
OI409P8400,,13:46:09.0#,80.000000,88.000000,63.500000,613.000000,0.500000,24,28,69.000000,23,69.500000,34,70.000000,48,70.500000,41,71.000000,36,73.000000,27,73.500000,18,74.000000,11,74.500000,18,75.000000,6,72.500000
OI409P8400,,13:46:11.0#,80.000000,88.000000,63.500000,613.000000,0.500000,24,28,69.000000,23,69.500000,34,70.000000,48,70.500000,41,71.000000,36,73.000000,27,73.500000,18,74.000000,11,74.500000,18,75.000000,6,72.500000
OI409P8400,,13:46:12.250#,80.000000,88.000000,63.500000,613.000000,0.500000,24,28,69.000000,17,69.500000,34,70.000000,54,70.500000,41,71.000000,36,73.000000,27,73.500000,18,74.000000,5,74.500000,18,75.000000,12,72.500000
OI409P8400,,13:46:12.500#,80.000000,88.000000,63.500000,613.000000,0.500000,24,28,69.000000,17,69.500000,34,70.000000,48,70.500000,47,71.000000,36,73.000000,21,73.500000,24,74.000000,5,74.500000,18,75.000000,12,72.500000
OI409P8400,,13:46:13.0#,80.000000,88.000000,63.500000,613.000000,0.500000,24,28,69.000000,17,69.500000,34,70.000000,48,70.500000,47,71.000000,36,73.000000,21,73.500000,24,74.000000,5,74.500000,18,75.000000,12,72.500000
OI409P8400,,13:46:17.500#,80.000000,88.000000,63.500000,613.000000,0.500000,24,28,69.000000,17,69.500000,34,70.000000,48,70.500000,47,71.000000,36,73.000000,21,73.500000,24,74.000000,5,74.500000,18,75.000000,12,72.500000
OI409P8400,,13:46:18.500#,80.000000,88.000000,63.500000,613.000000,0.500000,24,28,69.000000,17,69.500000,34,70.000000,54,70.500000,41,71.000000,36,73.000000,27,73.500000,18,74.000000,5,74.500000,18,75.000000,12,72.500000
OI409P8400,,13:46:18.750#,80.000000,88.000000,63.500000,613.000000,0.500000,24,28,69.000000,17,69.500000,34,70.000000,54,70.500000,41,71.000000,36,73.000000,27,73.500000,18,74.000000,5,74.500000,18,75.000000,12,72.500000
OI409P8400,,13:46:19.500#,80.000000,88.000000,63.500000,613.000000,0.500000,24,28,69.000000,17,69.500000,34,70.000000,48,70.500000,47,71.000000,36,73.000000,21,73.500000,24,74.000000,5,74.500000,18,75.000000,12,72.500000
OI409P8400,,13:46:21.0#,80.000000,88.000000,63.500000,613.000000,0.500000,24,28,69.000000,17,69.500000,34,70.000000,48,70.500000,47,71.000000,36,73.000000,21,73.500000,24,74.000000,5,74.500000,18,75.000000,12,72.500000
OI409P8400,,13:46:21.250#,80.000000,88.000000,63.500000,613.000000,0.500000,24,28,69.000000,17,69.500000,34,70.000000,48,70.500000,47,71.000000,36,73.000000,21,73.500000,24,74.000000,5,74.500000,18,75.000000,12,72.500000
OI409P8400,,13:46:21.500#,80.000000,88.000000,63.500000,613.000000,0.500000,24,28,69.000000,17,69.500000,34,70.000000,54,70.500000,41,71.000000,36,73.000000,27,73.500000,18,74.000000,5,74.500000,18,75.000000,12,72.500000
OI409P8400,,13:46:22.0#,80.000000,88.000000,63.500000,613.000000,0.500000,24,28,69.000000,17,69.500000,34,70.000000,54,70.500000,41,71.000000,36,73.000000,27,73.500000,18,74.000000,5,74.500000,18,75.000000,12,72.500000
OI409P8400,,13:46:22.500#,80.000000,88.000000,63.500000,613.000000,0.500000,24,28,69.000000,17,69.500000,34,70.000000,54,70.500000,41,71.000000,36,73.000000,27,73.500000,18,74.000000,5,74.500000,18,75.000000,12,72.500000
OI409P8400,,13:46:23.0#,80.000000,88.000000,63.500000,613.000000,0.500000,24,28,69.000000,17,69.500000,34,70.000000,54,70.500000,41,71.000000,36,73.000000,27,73.500000,18,74.000000,5,74.500000,18,75.000000,12,72.500000
OI409P8400,,13:46:23.250#,80.000000,88.000000,63.500000,613.000000,0.500000,24,28,69.000000,17,69.500000,34,70.000000,54,70.500000,41,71.000000,36,73.000000,27,73.500000,18,74.000000,5,74.500000,18,75.000000,12,72.500000
OI409P8400,,13:46:27.250#,80.000000,88.000000,63.500000,613.000000,0.500000,24,28,69.500000,34,70.000000,54,70.500000,35,71.000000,36,71.500000,6,73.000000,26,73.500000,12,74.000000,11,74.500000,18,75.000000,6,73.000000
OI409P8400,,13:46:28.0#,80.000000,88.000000,63.500000,613.000000,0.500000,24,28,69.500000,26,70.000000,36,70.500000,46,71.000000,30,71.500000,30,73.000000,23,73.500000,12,74.000000,11,74.500000,12,75.000000,6,73.000000
OI409P8400,,13:46:28.250#,80.000000,88.000000,63.500000,613.000000,0.500000,24,28,69.500000,26,70.000000,36,70.500000,46,71.000000,30,71.500000,30,73.000000,23,73.500000,12,74.000000,11,74.500000,12,75.000000,6,73.000000
OI409P8400,,13:46:28.500#,80.000000,88.000000,63.500000,613.000000,0.500000,24,28,69.500000,26,70.000000,36,70.500000,46,71.000000,30,71.500000,30,73.000000,23,73.500000,12,74.000000,11,74.500000,12,75.000000,6,73.000000
OI409P8400,,13:46:30.250#,80.000000,88.000000,63.500000,613.000000,0.500000,24,28,69.500000,26,70.000000,30,70.500000,46,71.000000,36,71.500000,30,73.000000,23,73.500000,6,74.000000,17,74.500000,12,75.000000,6,73.000000
OI409P8400,,13:46:30.500#,80.000000,88.000000,63.500000,613.000000,0.500000,24,28,69.500000,26,70.000000,24,70.500000,52,71.000000,36,71.500000,30,73.000000,21,73.500000,12,74.000000,17,74.500000,12,75.000000,6,73.000000
OI409P8400,,13:46:30.750#,80.000000,88.000000,63.500000,613.000000,0.500000,24,28,69.500000,26,70.000000,24,70.500000,52,71.000000,36,71.500000,30,73.000000,20,73.500000,12,74.000000,17,74.500000,12,75.000000,6,73.000000
OI409P8400,,13:46:31.750#,80.000000,88.000000,63.500000,613.000000,0.500000,24,28,69.500000,26,70.000000,24,70.500000,52,71.000000,36,71.500000,30,73.000000,19,73.500000,12,74.000000,17,74.500000,12,75.000000,6,73.000000
OI409P8400,,13:46:32.0#,80.000000,88.000000,63.500000,613.000000,0.500000,24,28,69.500000,26,70.000000,24,70.500000,42,71.000000,46,71.500000,30,73.000000,9,73.500000,16,74.000000,23,74.500000,12,75.000000,6,73.000000
OI409P8400,,13:46:32.500#,80.000000,88.000000,63.500000,613.000000,0.500000,24,28,69.500000,26,70.000000,24,70.500000,48,71.000000,40,71.500000,30,73.000000,8,73.500000,16,74.000000,23,74.500000,12,75.000000,6,73.000000
OI409P8400,,13:46:33.750#,80.000000,88.000000,63.500000,613.000000,0.500000,24,28,69.500000,26,70.000000,24,70.500000,48,71.000000,40,71.500000,30,73.000000,7,73.500000,16,74.000000,23,74.500000,12,75.000000,6,73.000000
OI409P8400,,13:46:34.0#,80.000000,88.000000,63.500000,613.000000,0.500000,24,28,69.500000,26,70.000000,24,70.500000,48,71.000000,34,71.500000,36,73.500000,27,74.000000,23,74.500000,12,75.000000,6,75.500000,6,73.000000
OI409P8400,,13:46:34.250#,80.000000,88.000000,63.500000,613.000000,0.500000,24,28,69.500000,26,70.000000,24,70.500000,48,71.000000,34,71.500000,36,73.500000,27,74.000000,23,74.500000,12,75.000000,6,75.500000,6,73.000000
OI409P8400,,13:46:34.500#,80.000000,88.000000,63.500000,613.000000,0.500000,24,28,69.500000,26,70.000000,24,70.500000,48,71.000000,34,71.500000,36,73.500000,27,74.000000,23,74.500000,12,75.000000,6,75.500000,6,73.000000
OI409P8400,,13:46:36.500#,80.000000,88.000000,63.500000,613.000000,0.500000,24,28,69.500000,26,70.000000,24,70.500000,42,71.000000,40,71.500000,36,73.500000,21,74.000000,29,74.500000,12,75.000000,6,75.500000,6,73.000000
OI409P8400,,13:46:37.250#,80.000000,88.000000,63.500000,613.000000,0.500000,24,28,69.500000,26,70.000000,24,70.500000,42,71.000000,40,71.500000,36,73.500000,21,74.000000,29,74.500000,12,75.000000,6,75.500000,6,73.000000
OI409P8400,,13:46:37.500#,80.000000,88.000000,63.500000,613.000000,0.500000,24,28,69.500000,26,70.000000,14,70.500000,48,71.000000,34,71.500000,36,73.500000,27,74.000000,23,74.500000,12,75.000000,6,75.500000,6,73.000000
OI409P8400,,13:46:37.750#,80.000000,88.000000,63.500000,613.000000,0.500000,24,28,69.500000,26,70.000000,14,70.500000,42,71.000000,40,71.500000,36,73.500000,27,74.000000,17,74.500000,12,75.000000,12,75.500000,6,73.000000
OI409P8400,,13:46:38.500#,80.000000,88.000000,63.500000,613.000000,0.500000,24,28,69.500000,26,70.000000,14,70.500000,42,71.000000,40,71.500000,36,73.500000,27,74.000000,23,74.500000,12,75.000000,6,75.500000,6,73.000000
OI409P8400,,13:46:39.500#,80.000000,88.000000,63.500000,613.000000,0.500000,24,28,70.000000,6,70.500000,31,71.000000,45,71.500000,30,72.000000,30,73.500000,27,74.000000,11,74.500000,18,75.000000,6,75.500000,6,73.000000
OI409P8400,,13:46:41.500#,80.000000,88.000000,63.500000,613.000000,0.500000,24,28,70.000000,6,70.500000,31,71.000000,70,71.500000,30,72.000000,31,73.500000,27,74.000000,11,74.500000,18,75.000000,6,75.500000,6,73.000000
OI409P8400,,13:46:43.0#,80.000000,88.000000,63.500000,613.000000,0.500000,25,28,70.000000,6,70.500000,19,71.000000,66,71.500000,46,72.000000,31,74.000000,27,74.500000,18,75.000000,6,75.500000,6,76.000000,37,73.500000
OI409P8400,,13:46:43.250#,80.000000,88.000000,63.500000,613.000000,0.500000,25,28,70.000000,6,70.500000,19,71.000000,72,71.500000,30,72.000000,31,74.000000,17,74.500000,18,75.000000,6,75.500000,6,76.000000,37,73.500000
OI409P8400,,13:46:43.500#,80.000000,88.000000,63.500000,613.000000,0.500000,25,28,70.000000,6,70.500000,19,71.000000,72,71.500000,30,72.000000,31,74.000000,11,74.500000,24,75.000000,6,75.500000,6,76.000000,37,73.500000
OI409P8400,,13:46:49.0#,80.000000,88.000000,63.500000,613.000000,0.500000,25,28,70.000000,6,70.500000,24,71.000000,73,71.500000,24,72.000000,31,74.000000,43,74.500000,18,75.000000,7,75.500000,12,76.000000,37,73.500000
OI409P8400,,13:46:49.250#,80.000000,88.000000,63.500000,613.000000,0.500000,25,28,70.000000,6,70.500000,24,71.000000,73,71.500000,24,72.000000,31,74.000000,43,74.500000,18,75.000000,7,75.500000,12,76.000000,37,73.500000
OI409P8400,,13:46:49.500#,80.000000,88.000000,63.500000,613.000000,0.500000,25,28,70.000000,6,70.500000,18,71.000000,79,71.500000,24,72.000000,31,74.000000,43,74.500000,18,75.000000,7,75.500000,12,76.000000,37,73.500000
OI409P8400,,13:46:50.500#,80.000000,88.000000,63.500000,613.000000,0.500000,25,28,70.000000,6,70.500000,24,71.000000,72,71.500000,25,72.000000,23,74.000000,27,74.500000,18,75.000000,7,75.500000,12,76.000000,37,73.500000
OI409P8400,,13:46:51.500#,80.000000,88.000000,63.500000,613.000000,0.500000,25,28,70.000000,6,70.500000,18,71.000000,78,71.500000,25,72.000000,23,74.000000,27,74.500000,18,75.000000,7,75.500000,12,76.000000,37,73.500000
OI409P8400,,13:46:53.0#,80.000000,88.000000,63.500000,613.000000,0.500000,25,28,70.000000,6,70.500000,18,71.000000,78,71.500000,25,72.000000,23,74.000000,27,74.500000,18,75.000000,7,75.500000,12,76.000000,37,73.500000
OI409P8400,,13:46:53.500#,80.000000,88.000000,63.500000,613.000000,0.500000,25,28,70.000000,6,70.500000,18,71.000000,78,71.500000,25,72.000000,23,74.000000,27,74.500000,18,75.000000,6,75.500000,13,76.000000,37,73.500000
OI409P8400,,13:46:54.500#,80.000000,88.000000,63.500000,613.000000,0.500000,25,28,70.000000,6,70.500000,18,71.000000,78,71.500000,25,72.000000,22,74.000000,27,74.500000,18,75.000000,6,75.500000,13,76.000000,37,73.500000
OI409P8400,,13:46:59.500#,80.000000,88.000000,63.500000,613.000000,0.500000,25,28,69.500000,26,70.500000,18,71.000000,84,71.500000,19,72.000000,28,74.000000,21,74.500000,24,75.500000,13,76.000000,37,77.000000,27,73.500000
OI409P8400,,13:47:03.0#,80.000000,88.000000,63.500000,613.000000,0.500000,25,28,70.500000,10,71.000000,87,71.500000,25,72.000000,16,72.500000,22,74.000000,9,74.500000,18,75.000000,6,75.500000,13,76.000000,43,73.500000
OI409P8400,,13:47:04.0#,80.000000,88.000000,63.500000,613.000000,0.500000,25,28,70.500000,10,71.000000,87,71.500000,25,72.000000,16,72.500000,22,74.000000,13,74.500000,18,75.000000,6,75.500000,13,76.000000,43,73.500000
OI409P8400,,13:47:04.750#,80.000000,88.000000,63.500000,613.000000,0.500000,25,28,70.500000,10,71.000000,87,71.500000,25,72.000000,16,72.500000,22,74.000000,19,74.500000,12,75.000000,6,75.500000,13,76.000000,43,73.500000
OI409P8400,,13:47:06.750#,80.000000,88.000000,63.500000,613.000000,0.500000,25,28,70.500000,10,71.000000,93,71.500000,19,72.000000,16,72.500000,22,74.000000,19,74.500000,12,75.000000,6,75.500000,19,76.000000,37,73.500000
OI409P8400,,13:47:07.500#,80.000000,88.000000,63.500000,613.000000,0.500000,25,28,70.000000,6,71.000000,83,71.500000,19,72.000000,16,72.500000,22,74.000000,19,74.500000,12,75.000000,6,75.500000,19,76.000000,37,73.500000
OI409P8400,,13:47:13.500#,80.000000,88.000000,63.500000,613.000000,0.500000,25,28,69.500000,20,71.000000,77,71.500000,31,72.000000,10,72.500000,22,74.000000,19,74.500000,12,75.000000,6,75.500000,13,76.000000,43,73.500000
OI409P8400,,13:47:14.0#,80.000000,88.000000,63.500000,613.000000,0.500000,25,28,70.000000,6,71.000000,78,71.500000,24,72.000000,16,72.500000,16,74.000000,19,74.500000,12,75.000000,13,75.500000,24,76.000000,25,73.500000
OI409P8400,,13:47:17.500#,80.000000,88.000000,63.500000,613.000000,0.500000,25,28,70.000000,6,71.000000,77,71.500000,31,72.000000,16,72.500000,10,74.000000,27,74.500000,12,75.000000,7,75.500000,24,76.000000,25,73.500000
OI409P8400,,13:47:17.750#,80.000000,88.000000,63.500000,613.000000,0.500000,25,28,70.500000,6,71.000000,71,71.500000,31,72.000000,16,72.500000,10,74.000000,47,74.500000,12,75.000000,7,75.500000,24,76.000000,25,73.500000
OI409P8400,,13:47:18.250#,80.000000,88.000000,63.500000,613.000000,0.500000,25,28,70.500000,6,71.000000,71,71.500000,31,72.000000,16,72.500000,10,74.000000,47,74.500000,12,75.000000,13,75.500000,18,76.000000,25,73.500000
OI409P8400,,13:47:19.0#,80.000000,88.000000,63.500000,613.000000,0.500000,25,28,70.000000,6,71.000000,84,71.500000,24,72.000000,16,72.500000,5,73.500000,6,74.000000,41,74.500000,12,75.000000,13,75.500000,18,73.500000
OI409P8400,,13:47:19.250#,80.000000,88.000000,63.500000,613.000000,0.500000,25,28,70.000000,6,71.000000,84,71.500000,24,72.000000,16,72.500000,5,73.500000,11,74.000000,41,74.500000,12,75.000000,13,75.500000,18,73.500000
OI409P8400,,13:47:19.500#,80.000000,88.000000,63.500000,613.000000,0.500000,25,28,70.500000,6,71.000000,78,71.500000,24,72.000000,16,72.500000,5,73.500000,5,74.000000,47,74.500000,12,75.000000,13,75.500000,18,73.500000
OI409P8400,,13:47:20.0#,80.000000,88.000000,63.500000,613.000000,0.500000,25,28,70.500000,6,71.000000,78,71.500000,16,72.000000,16,72.500000,5,73.500000,5,74.000000,47,74.500000,12,75.000000,13,75.500000,18,73.500000
OI409P8400,,13:47:20.500#,80.000000,88.000000,63.500000,613.000000,0.500000,25,28,70.000000,6,70.500000,6,71.000000,84,71.500000,16,72.000000,30,73.500000,5,74.000000,47,74.500000,12,75.000000,13,75.500000,18,73.500000
OI409P8400,,13:47:21.500#,80.000000,88.000000,63.500000,613.000000,0.500000,25,28,70.000000,23,70.500000,6,71.000000,64,71.500000,16,72.000000,10,73.500000,43,74.000000,21,74.500000,13,75.000000,12,75.500000,12,73.500000
OI409P8400,,13:47:22.0#,80.000000,88.000000,63.500000,613.000000,0.500000,25,28,70.000000,23,70.500000,7,71.000000,63,71.500000,16,72.000000,10,73.500000,43,74.000000,21,74.500000,13,75.000000,12,75.500000,12,73.500000
OI409P8400,,13:47:23.0#,80.000000,88.000000,63.500000,613.000000,0.500000,25,28,70.000000,23,70.500000,7,71.000000,63,71.500000,16,72.000000,10,73.500000,23,74.000000,21,74.500000,13,75.000000,12,75.500000,12,73.500000
OI409P8400,,13:47:23.250#,80.000000,88.000000,63.500000,613.000000,0.500000,25,28,70.000000,23,70.500000,7,71.000000,63,71.500000,16,72.000000,30,73.500000,23,74.000000,21,74.500000,13,75.000000,12,75.500000,12,73.500000
OI409P8400,,13:47:30.0#,80.000000,88.000000,63.500000,613.000000,0.500000,25,28,70.000000,6,70.500000,15,71.000000,69,71.500000,23,72.000000,30,74.000000,33,74.500000,12,75.000000,7,75.500000,18,76.000000,25,73.500000
OI409P8400,,13:47:36.500#,80.000000,88.000000,63.500000,613.000000,0.500000,25,28,70.000000,6,70.500000,21,71.000000,64,71.500000,22,72.000000,30,74.000000,45,74.500000,12,75.000000,7,75.500000,18,76.000000,25,73.500000
OI409P8400,,13:47:36.750#,80.000000,88.000000,63.500000,613.000000,0.500000,25,28,70.000000,6,70.500000,21,71.000000,64,71.500000,22,72.000000,30,74.000000,45,74.500000,12,75.000000,7,75.500000,18,76.000000,25,73.500000
OI409P8400,,13:47:37.0#,80.000000,88.000000,63.500000,613.000000,0.500000,25,28,70.000000,6,70.500000,21,71.000000,64,71.500000,22,72.000000,30,74.000000,45,74.500000,12,75.000000,7,75.500000,18,76.000000,25,73.500000
OI409P8400,,13:47:37.250#,80.000000,88.000000,63.500000,613.000000,0.500000,25,28,70.000000,6,70.500000,21,71.000000,64,71.500000,22,72.000000,30,74.000000,45,74.500000,12,75.000000,7,75.500000,18,76.000000,25,73.500000
OI409P8400,,13:47:37.500#,80.000000,88.000000,63.500000,613.000000,0.500000,25,28,70.000000,6,70.500000,21,71.000000,64,71.500000,22,72.000000,30,74.000000,45,74.500000,12,75.000000,7,75.500000,18,76.000000,25,73.500000
OI409P8400,,13:47:37.750#,80.000000,88.000000,63.500000,613.000000,0.500000,25,28,70.000000,6,70.500000,21,71.000000,64,71.500000,22,72.000000,30,74.000000,45,74.500000,12,75.000000,7,75.500000,18,76.000000,25,73.500000
OI409P8400,,13:47:38.0#,80.000000,88.000000,63.500000,613.000000,0.500000,25,28,70.000000,6,70.500000,21,71.000000,64,71.500000,22,72.000000,30,74.000000,45,74.500000,12,75.000000,7,75.500000,18,76.000000,25,73.500000
OI409P8400,,13:47:38.500#,80.000000,88.000000,63.500000,613.000000,0.500000,25,28,70.000000,6,70.500000,21,71.000000,64,71.500000,22,72.000000,30,74.000000,45,74.500000,12,75.000000,7,75.500000,18,76.000000,25,73.500000
OI409P8400,,13:47:39.0#,80.000000,88.000000,63.500000,613.000000,0.500000,25,28,70.000000,6,70.500000,21,71.000000,64,71.500000,22,72.000000,30,74.000000,45,74.500000,12,75.000000,7,75.500000,18,76.000000,25,73.500000
OI409P8400,,13:47:39.500#,80.000000,88.000000,63.500000,613.000000,0.500000,25,28,70.000000,6,70.500000,21,71.000000,64,71.500000,22,72.000000,30,74.000000,45,74.500000,12,75.000000,7,75.500000,18,76.000000,25,73.500000
OI409P8400,,13:47:40.500#,80.000000,88.000000,63.500000,613.000000,0.500000,25,28,70.000000,6,70.500000,21,71.000000,64,71.500000,22,72.000000,10,74.000000,45,74.500000,12,75.000000,7,75.500000,18,76.000000,25,73.500000
OI409P8400,,13:47:41.250#,80.000000,88.000000,63.500000,613.000000,0.500000,25,28,70.000000,6,70.500000,21,71.000000,64,71.500000,22,72.000000,10,74.000000,45,74.500000,12,75.000000,7,75.500000,18,76.000000,25,73.500000
OI409P8400,,13:47:41.500#,80.000000,88.000000,63.500000,613.000000,0.500000,25,28,70.000000,6,70.500000,21,71.000000,64,71.500000,22,72.000000,10,74.000000,45,74.500000,12,75.000000,7,75.500000,18,76.000000,25,73.500000
OI409P8400,,13:47:44.500#,80.000000,88.000000,63.500000,613.000000,0.500000,25,28,70.000000,6,70.500000,21,71.000000,64,71.500000,22,72.000000,10,74.000000,45,74.500000,12,75.000000,7,75.500000,18,76.000000,25,73.500000
OI409P8400,,13:47:45.0#,80.000000,88.000000,63.500000,613.000000,0.500000,25,28,70.000000,6,70.500000,21,71.000000,64,71.500000,22,72.000000,10,74.000000,45,74.500000,12,75.000000,7,75.500000,18,76.000000,25,73.500000
OI409P8400,,13:47:46.0#,80.000000,88.000000,63.500000,613.000000,0.500000,25,28,70.000000,6,70.500000,21,71.000000,74,71.500000,22,72.000000,10,74.000000,77,74.500000,12,75.000000,7,75.500000,18,76.000000,25,73.500000
OI409P8400,,13:47:46.250#,80.000000,88.000000,63.500000,613.000000,0.500000,25,28,70.000000,6,70.500000,21,71.000000,74,71.500000,22,72.000000,30,74.000000,77,74.500000,12,75.000000,7,75.500000,18,76.000000,25,73.500000
OI409P8400,,13:47:46.750#,80.000000,88.000000,63.500000,613.000000,0.500000,25,28,70.000000,6,70.500000,21,71.000000,74,71.500000,22,72.000000,30,74.000000,77,74.500000,12,75.000000,7,75.500000,18,76.000000,25,73.500000
OI409P8400,,13:47:48.250#,80.000000,88.000000,63.500000,613.000000,0.500000,25,28,70.000000,6,70.500000,6,71.000000,82,71.500000,23,72.000000,36,74.000000,67,74.500000,18,75.000000,7,75.500000,18,76.000000,25,73.500000
OI409P8400,,13:47:48.500#,80.000000,88.000000,63.500000,613.000000,0.500000,25,28,69.000000,29,70.000000,6,71.000000,88,71.500000,23,72.000000,36,74.000000,67,74.500000,18,75.000000,7,75.500000,18,76.000000,25,73.500000
OI409P8400,,13:47:48.750#,80.000000,88.000000,63.500000,613.000000,0.500000,25,28,69.000000,23,70.000000,6,71.000000,88,71.500000,23,72.000000,36,74.000000,67,74.500000,18,75.000000,7,75.500000,18,76.000000,25,73.500000
OI409P8400,,13:47:51.500#,80.000000,88.000000,63.500000,613.000000,0.500000,25,28,70.000000,6,70.500000,6,71.000000,82,71.500000,23,72.000000,36,74.000000,67,74.500000,18,75.000000,7,75.500000,18,76.000000,25,73.500000
OI409P8400,,13:47:52.0#,80.000000,88.000000,63.500000,613.000000,0.500000,25,28,70.000000,6,70.500000,6,71.000000,72,71.500000,27,72.000000,42,74.000000,61,74.500000,24,75.000000,6,75.500000,19,76.000000,25,73.500000
OI409P8400,,13:47:52.250#,80.000000,88.000000,63.500000,613.000000,0.500000,25,28,70.000000,6,70.500000,6,71.000000,72,71.500000,21,72.000000,48,74.000000,61,74.500000,24,75.000000,6,75.500000,19,76.000000,25,73.500000
OI409P8400,,13:47:52.500#,80.000000,88.000000,63.500000,613.000000,0.500000,25,28,69.000000,23,70.000000,6,71.000000,78,71.500000,21,72.000000,48,74.000000,61,74.500000,24,75.000000,6,75.500000,19,76.000000,25,73.500000
OI409P8400,,13:47:57.500#,80.000000,88.000000,63.500000,613.000000,0.500000,25,28,70.000000,6,70.500000,6,71.000000,72,71.500000,21,72.000000,48,74.000000,61,74.500000,24,75.000000,6,75.500000,19,76.000000,25,73.500000
OI409P8400,,13:48:01.500#,80.000000,88.000000,63.500000,613.000000,0.500000,25,28,69.000000,23,71.000000,78,71.500000,27,72.000000,47,72.500000,6,74.000000,55,74.500000,18,75.000000,6,75.500000,13,76.000000,37,73.500000
OI409P8400,,13:48:02.0#,80.000000,88.000000,63.500000,613.000000,0.500000,25,28,69.000000,23,71.000000,78,71.500000,27,72.000000,27,72.500000,36,74.000000,55,74.500000,18,75.000000,6,75.500000,13,76.000000,37,73.500000
OI409P8400,,13:48:02.750#,80.000000,88.000000,63.500000,613.000000,0.500000,25,28,69.000000,29,71.000000,78,71.500000,27,72.000000,27,72.500000,36,74.000000,55,74.500000,18,75.000000,6,75.500000,13,76.000000,37,73.500000
OI409P8400,,13:48:04.250#,80.000000,88.000000,63.500000,613.000000,0.500000,25,28,69.000000,29,71.000000,78,71.500000,27,72.000000,33,72.500000,30,74.000000,55,74.500000,24,75.500000,13,76.000000,37,77.000000,27,73.500000
OI409P8400,,13:48:06.500#,80.000000,88.000000,63.500000,613.000000,0.500000,25,28,69.000000,29,71.000000,78,71.500000,26,72.000000,22,72.500000,42,74.000000,55,74.500000,18,75.000000,6,75.500000,13,76.000000,37,73.500000
OI409P8400,,13:48:07.0#,80.000000,88.000000,63.500000,613.000000,0.500000,25,28,69.000000,29,71.000000,78,71.500000,26,72.000000,22,72.500000,42,74.000000,55,74.500000,12,75.000000,6,75.500000,13,76.000000,37,73.500000
OI409P8400,,13:48:07.500#,80.000000,88.000000,63.500000,613.000000,0.500000,25,28,69.000000,29,71.000000,72,71.500000,32,72.000000,22,72.500000,42,74.000000,49,74.500000,18,75.000000,6,75.500000,13,76.000000,37,73.500000
OI409P8400,,13:48:12.750#,80.000000,88.000000,63.500000,613.000000,0.500000,25,28,69.000000,29,71.000000,78,71.500000,26,72.000000,28,72.500000,36,74.000000,55,74.500000,18,75.500000,13,76.000000,43,77.000000,27,73.500000
OI409P8400,,13:48:14.250#,80.000000,88.000000,63.500000,613.000000,0.500000,25,28,69.000000,29,71.000000,78,71.500000,27,72.000000,27,72.500000,36,74.000000,55,74.500000,18,75.500000,13,76.000000,43,77.000000,27,73.500000
OI409P8400,,13:48:18.750#,80.000000,88.000000,63.500000,613.000000,0.500000,25,28,69.000000,29,71.000000,78,71.500000,27,72.000000,22,72.500000,36,74.000000,55,74.500000,18,75.500000,13,76.000000,43,77.000000,27,73.500000
OI409P8400,,13:48:19.500#,80.000000,88.000000,63.500000,613.000000,0.500000,25,28,69.000000,29,71.000000,78,71.500000,27,72.000000,22,72.500000,36,74.000000,59,74.500000,18,75.500000,13,76.000000,43,77.000000,27,73.500000
OI409P8400,,13:48:23.0#,80.000000,88.000000,63.500000,613.000000,0.500000,25,28,69.000000,23,71.000000,78,71.500000,27,72.000000,22,72.500000,36,74.000000,59,74.500000,18,75.500000,13,76.000000,43,77.000000,27,73.500000
OI409P8400,,13:48:23.500#,80.000000,88.000000,63.500000,613.000000,0.500000,25,28,69.000000,29,71.000000,78,71.500000,27,72.000000,22,72.500000,36,74.000000,59,74.500000,18,75.500000,13,76.000000,43,77.000000,27,73.500000
OI409P8400,,13:48:24.0#,80.000000,88.000000,63.500000,613.000000,0.500000,25,28,69.000000,29,71.000000,78,71.500000,27,72.000000,22,72.500000,36,74.000000,61,74.500000,18,75.500000,13,76.000000,43,77.000000,27,73.500000
OI409P8400,,13:48:26.750#,80.000000,88.000000,63.500000,613.000000,0.500000,25,28,69.000000,23,71.000000,84,71.500000,33,72.000000,16,72.500000,5,74.000000,97,74.500000,12,75.500000,25,76.000000,31,77.000000,27,74.000000
OI409P8400,,13:48:42.0#,80.000000,88.000000,63.500000,613.000000,0.500000,25,28,69.000000,23,70.000000,6,71.000000,81,71.500000,22,72.000000,14,74.000000,87,74.500000,12,75.000000,13,75.500000,18,76.000000,25,72.000000
OI409P8400,,13:48:44.500#,80.000000,88.000000,63.500000,613.000000,0.500000,25,28,70.000000,6,70.500000,6,71.000000,75,71.500000,22,72.000000,14,74.000000,87,74.500000,12,75.000000,13,75.500000,18,76.000000,25,72.000000
OI409P8400,,13:48:44.750#,80.000000,88.000000,63.500000,613.000000,0.500000,25,28,69.000000,23,70.000000,6,71.000000,81,71.500000,22,72.000000,10,74.000000,87,74.500000,12,75.000000,13,75.500000,18,76.000000,25,72.000000
OI409P8400,,13:48:58.500#,80.000000,88.000000,63.500000,613.000000,0.500000,25,28,69.000000,23,70.000000,6,71.000000,81,71.500000,22,72.000000,7,74.000000,87,74.500000,18,75.000000,7,75.500000,18,76.000000,25,72.000000
OI409P8400,,13:49:13.750#,80.000000,88.000000,63.500000,613.000000,0.500000,25,28,69.000000,23,70.000000,7,71.000000,70,71.500000,27,72.000000,15,74.000000,61,74.500000,24,75.000000,6,75.500000,19,76.000000,25,72.000000
OI409P8400,,13:49:14.250#,80.000000,88.000000,63.500000,613.000000,0.500000,25,28,69.000000,23,70.000000,7,71.000000,70,71.500000,27,72.000000,15,74.000000,61,74.500000,24,75.000000,7,75.500000,18,76.000000,25,72.000000
OI409P8400,,13:49:14.500#,80.000000,88.000000,63.500000,613.000000,0.500000,25,28,70.000000,7,70.500000,6,71.000000,64,71.500000,27,72.000000,15,74.000000,81,74.500000,24,75.000000,7,75.500000,18,76.000000,25,72.000000
OI409P8400,,13:49:15.0#,80.000000,88.000000,63.500000,613.000000,0.500000,25,28,70.000000,7,70.500000,6,71.000000,75,71.500000,22,72.000000,24,74.000000,93,74.500000,12,75.000000,7,75.500000,18,76.000000,25,72.000000
OI409P8400,,13:49:15.750#,80.000000,88.000000,63.500000,613.000000,0.500000,25,28,70.000000,7,70.500000,6,71.000000,75,71.500000,22,72.000000,22,74.000000,93,74.500000,12,75.000000,7,75.500000,18,76.000000,25,72.000000
OI409P8400,,13:49:25.750#,80.000000,88.000000,63.500000,613.000000,0.500000,25,28,69.000000,23,70.000000,7,70.500000,22,71.000000,65,71.500000,16,73.500000,51,74.000000,35,74.500000,7,75.000000,12,75.500000,12,72.000000
OI409P8400,,13:49:26.250#,80.000000,88.000000,63.500000,613.000000,0.500000,25,28,69.000000,23,70.000000,13,70.500000,23,71.000000,64,71.500000,30,73.500000,71,74.000000,35,74.500000,7,75.000000,12,75.500000,12,72.000000
OI409P8400,,13:49:26.500#,80.000000,88.000000,63.500000,613.000000,0.500000,25,28,69.000000,23,70.000000,13,70.500000,23,71.000000,64,71.500000,30,73.500000,45,74.000000,41,74.500000,7,75.000000,12,75.500000,12,72.000000
OI409P8400,,13:49:26.750#,80.000000,88.000000,63.500000,613.000000,0.500000,25,28,69.000000,23,70.000000,13,70.500000,12,71.000000,75,71.500000,30,73.500000,45,74.000000,41,74.500000,6,75.000000,13,75.500000,12,72.000000
