InstrumentId,ExchangeId,Datetime,OpenPrice,HighestPrice,LowestPrice,UpperLimitPrice,LowerLimitPrice,Volume,OpenInterest,BidPrice5,BidVolume5,BidPrice4,BidVolume4,BidPrice3,BidVolume3,BidPrice2,BidVolume2,BidPrice1,BidVolume1,AskPrice1,AskVolume1,AskPrice2,AskVolume2,AskPrice3,AskVolume3,AskPrice4,AskVolume4,AskPrice5,AskVolume5,LastPrice
IC2503,,13:38:35.800#,4752.6,4760.2,4702.8,5248.4,4294.4,2638,2625,4705.4,1,4705.6,1,4706.0,1,4706.2,1,4706.6,1,4708.0,2,4708.2,1,4708.4,1,4708.6,1,4708.8,2,4708.4
IC2503,,13:38:36.300#,4752.6,4760.2,4702.8,5248.4,4294.4,2638,2625,4705.0,2,4705.4,1,4705.6,1,4706.0,1,4706.2,1,4707.8,1,4708.0,2,4708.2,1,4708.4,1,4708.6,1,4708.4
IC2503,,13:38:36.800#,4752.6,4760.2,4702.8,5248.4,4294.4,2638,2625,4705.0,2,4705.4,1,4705.6,1,4706.2,1,4706.4,2,4707.8,1,4708.0,2,4708.2,1,4708.4,1,4708.6,1,4708.4
IC2503,,13:38:38.800#,4752.6,4760.2,4702.8,5248.4,4294.4,2638,2625,4705.4,1,4705.6,1,4706.2,1,4706.4,2,4706.6,1,4707.8,1,4708.0,2,4708.2,1,4708.4,1,4708.6,1,4708.4
IC2503,,13:38:39.300#,4752.6,4760.2,4702.8,5248.4,4294.4,2638,2625,4705.4,1,4705.6,1,4706.2,1,4706.4,1,4706.6,1,4707.8,1,4708.0,2,4708.2,1,4708.4,1,4708.6,1,4708.4
IC2503,,13:38:39.800#,4752.6,4760.2,4702.8,5248.4,4294.4,2638,2625,4705.4,1,4705.6,1,4706.2,1,4706.4,1,4706.6,1,4708.0,1,4708.2,1,4708.4,1,4708.6,1,4708.8,2,4708.4
IC2503,,13:38:40.800#,4752.6,4760.2,4702.8,5248.4,4294.4,2638,2625,4705.4,1,4705.6,1,4706.2,1,4706.6,1,4706.8,1,4708.0,1,4708.2,1,4708.4,1,4708.6,1,4708.8,2,4708.4
IC2503,,13:38:43.300#,4752.6,4760.2,4702.8,5248.4,4294.4,2638,2625,4705.4,1,4705.6,1,4706.2,1,4706.6,1,4706.8,1,4708.0,2,4708.2,1,4708.4,1,4708.6,1,4708.8,2,4708.4
IC2503,,13:38:43.800#,4752.6,4760.2,4702.8,5248.4,4294.4,2638,2625,4705.4,1,4705.6,1,4706.2,1,4706.6,1,4706.8,1,4707.8,1,4708.0,2,4708.2,1,4708.4,1,4708.6,1,4708.4
IC2503,,13:38:44.300#,4752.6,4760.2,4702.8,5248.4,4294.4,2638,2625,4705.4,1,4705.6,1,4706.2,1,4706.6,1,4706.8,1,4708.0,2,4708.2,1,4708.4,1,4708.6,1,4708.8,2,4708.4
IC2503,,13:38:44.800#,4752.6,4760.2,4702.8,5248.4,4294.4,2638,2625,4705.4,1,4705.6,1,4706.2,1,4706.6,1,4706.8,1,4708.0,1,4708.2,1,4708.4,1,4708.6,1,4708.8,2,4708.4
IC2503,,13:38:46.800#,4752.6,4760.2,4702.8,5248.4,4294.4,2639,2626,4704.8,1,4705.0,2,4705.4,1,4705.6,1,4706.6,1,4708.0,1,4708.2,1,4708.4,1,4708.6,1,4708.8,2,4706.8
IC2503,,13:38:47.300#,4752.6,4760.2,4702.8,5248.4,4294.4,2639,2626,4704.8,1,4705.0,2,4705.4,1,4705.6,1,4706.6,1,4707.8,1,4708.0,1,4708.2,1,4708.4,1,4708.6,1,4706.8
IC2503,,13:38:48.300#,4752.6,4760.2,4702.8,5248.4,4294.4,2639,2626,4704.8,1,4705.0,2,4705.4,1,4705.6,1,4706.6,1,4707.8,2,4708.2,1,4708.4,1,4708.6,1,4708.8,2,4706.8
IC2503,,13:38:48.800#,4752.6,4760.2,4702.8,5248.4,4294.4,2639,2626,4704.8,1,4705.0,2,4705.4,1,4705.6,1,4706.6,1,4707.8,1,4708.2,1,4708.4,1,4708.6,1,4708.8,2,4706.8
IC2503,,13:38:51.800#,4752.6,4760.2,4702.8,5248.4,4294.4,2639,2626,4704.8,1,4705.0,2,4705.4,1,4705.6,1,4706.6,1,4707.8,2,4708.2,1,4708.4,1,4708.6,1,4708.8,2,4706.8
IC2503,,13:38:55.800#,4752.6,4760.2,4702.8,5248.4,4294.4,2640,2627,4704.8,1,4705.0,2,4705.4,1,4705.6,1,4706.6,1,4707.8,1,4708.2,1,4708.4,1,4708.6,1,4708.8,2,4707.8
IC2503,,13:38:56.300#,4752.6,4760.2,4702.8,5248.4,4294.4,2640,2627,4704.8,1,4705.0,2,4705.4,1,4705.6,1,4706.6,1,4707.8,2,4708.2,1,4708.4,1,4708.6,1,4708.8,2,4707.8
IC2503,,13:38:56.800#,4752.6,4760.2,4702.8,5248.4,4294.4,2641,2628,4702.8,3,4704.8,1,4705.0,2,4705.4,1,4705.6,1,4707.8,2,4708.2,1,4708.4,1,4708.6,1,4708.8,2,4706.6
IC2503,,13:38:57.300#,4752.6,4760.2,4702.8,5248.4,4294.4,2641,2628,4705.4,1,4705.6,1,4705.8,2,4706.0,2,4706.4,1,4707.8,2,4708.2,1,4708.4,1,4708.6,1,4708.8,2,4706.6
IC2503,,13:38:57.800#,4752.6,4760.2,4702.8,5248.4,4294.4,2641,2628,4705.4,1,4705.6,1,4705.8,1,4706.0,2,4706.4,1,4707.8,2,4708.2,1,4708.4,1,4708.6,1,4708.8,2,4706.6
IC2503,,13:38:58.300#,4752.6,4760.2,4702.8,5248.4,4294.4,2641,2628,4705.6,1,4705.8,1,4706.0,2,4706.4,1,4706.6,2,4707.8,2,4708.2,1,4708.4,1,4708.6,1,4708.8,2,4706.6
IC2503,,13:38:59.300#,4752.6,4760.2,4702.8,5248.4,4294.4,2642,2629,4705.6,1,4705.8,1,4706.0,2,4706.4,1,4706.6,2,4707.8,1,4708.2,1,4708.4,1,4708.6,1,4708.8,2,4707.8
IC2503,,13:39:00.800#,4752.6,4760.2,4702.8,5248.4,4294.4,2642,2629,4705.6,1,4705.8,1,4706.0,2,4706.4,1,4706.6,2,4707.8,2,4708.2,1,4708.4,1,4708.6,1,4708.8,2,4707.8
IC2503,,13:39:01.300#,4752.6,4760.2,4702.8,5248.4,4294.4,2642,2629,4705.4,1,4705.6,1,4706.0,1,4706.4,1,4706.6,2,4707.8,2,4708.2,1,4708.4,1,4708.6,1,4708.8,2,4707.8
IC2503,,13:39:06.300#,4752.6,4760.2,4702.8,5248.4,4294.4,2642,2629,4705.0,2,4705.4,1,4706.0,1,4706.4,1,4706.6,2,4707.8,2,4708.2,1,4708.4,1,4708.6,1,4708.8,2,4707.8
IC2503,,13:39:06.800#,4752.6,4760.2,4702.8,5248.4,4294.4,2642,2629,4705.0,2,4705.4,1,4706.0,1,4706.4,1,4706.6,1,4707.8,2,4708.2,1,4708.4,1,4708.6,1,4708.8,2,4707.8
IC2503,,13:39:07.300#,4752.6,4760.2,4702.8,5248.4,4294.4,2642,2629,4705.0,2,4705.4,1,4706.0,1,4706.4,1,4706.6,1,4707.6,1,4707.8,2,4708.2,1,4708.4,1,4708.6,1,4707.8
IC2503,,13:39:10.800#,4752.6,4760.2,4702.8,5248.4,4294.4,2643,2630,4705.0,2,4705.4,1,4706.0,1,4706.4,1,4706.6,1,4707.8,2,4708.2,1,4708.4,1,4708.6,1,4708.8,2,4707.6
IC2503,,13:39:15.800#,4752.6,4760.2,4702.8,5248.4,4294.4,2643,2630,4705.4,1,4706.0,1,4706.4,1,4706.6,1,4706.8,1,4707.8,2,4708.2,1,4708.4,1,4708.6,1,4708.8,2,4707.6
IC2503,,13:39:16.300#,4752.6,4760.2,4702.8,5248.4,4294.4,2645,2632,4704.8,1,4705.0,2,4705.4,1,4706.0,1,4706.4,1,4707.8,1,4708.2,1,4708.4,1,4708.6,1,4708.8,2,4706.8
IC2503,,13:39:16.800#,4752.6,4760.2,4702.8,5248.4,4294.4,2645,2632,4705.0,2,4705.4,1,4706.0,1,4706.4,1,4706.6,2,4707.8,1,4708.2,1,4708.4,1,4708.6,1,4708.8,2,4706.8
IC2503,,13:39:17.300#,4752.6,4760.2,4702.8,5248.4,4294.4,2645,2632,4705.0,2,4705.4,1,4706.4,1,4706.6,3,4706.8,1,4707.8,1,4708.4,1,4708.6,1,4708.8,2,4709.4,1,4706.8
IC2503,,13:39:17.800#,4752.6,4760.2,4702.8,5248.4,4294.4,2646,2633,4705.4,1,4706.4,1,4706.6,2,4706.8,1,4707.0,2,4708.6,1,4708.8,2,4709.4,1,4710.8,1,4712.0,1,4707.8
IC2503,,13:39:18.300#,4752.6,4760.2,4702.8,5248.4,4294.4,2646,2633,4705.4,1,4706.4,1,4706.6,2,4707.0,2,4707.2,4,4708.6,1,4708.8,2,4709.4,1,4710.8,1,4712.0,1,4707.8
IC2503,,13:39:18.800#,4752.6,4760.2,4702.8,5248.4,4294.4,2646,2633,4706.4,1,4706.6,1,4707.0,1,4707.2,4,4707.4,1,4708.8,2,4709.4,1,4710.8,1,4712.0,1,4714.0,1,4707.8
IC2503,,13:39:19.300#,4752.6,4760.2,4702.8,5248.4,4294.4,2646,2633,4705.0,2,4705.4,1,4706.4,1,4707.2,4,4707.4,1,4708.6,1,4709.4,1,4710.8,1,4712.0,1,4714.0,1,4707.8
IC2503,,13:39:20.800#,4752.6,4760.2,4702.8,5248.4,4294.4,2646,2633,4705.4,1,4706.4,1,4707.2,4,4707.4,1,4707.6,1,4708.6,1,4709.4,1,4710.8,1,4712.0,1,4714.0,1,4707.8
IC2503,,13:39:21.300#,4752.6,4760.2,4702.8,5248.4,4294.4,2646,2633,4705.0,2,4705.4,1,4706.4,1,4707.2,3,4707.6,1,4708.6,1,4709.4,1,4710.8,1,4712.0,1,4714.0,1,4707.8
IC2503,,13:39:25.800#,4752.6,4760.2,4702.8,5248.4,4294.4,2646,2633,4704.8,1,4705.0,2,4705.4,1,4706.4,1,4707.2,3,4708.6,1,4709.4,1,4710.8,1,4712.0,1,4714.0,1,4707.8
IC2503,,13:39:27.800#,4752.6,4760.2,4702.8,5248.4,4294.4,2646,2633,4704.8,1,4705.0,2,4705.4,1,4706.4,1,4707.2,3,4708.6,2,4709.4,1,4710.8,1,4712.0,1,4714.0,1,4707.8
IC2503,,13:39:28.300#,4752.6,4760.2,4702.8,5248.4,4294.4,2646,2633,4705.0,2,4705.4,1,4706.4,1,4707.2,3,4708.0,1,4708.6,2,4709.4,1,4710.8,1,4712.0,1,4714.0,1,4707.8
IC2503,,13:39:37.800#,4752.6,4760.2,4702.8,5248.4,4294.4,2648,2635,4705.0,2,4705.4,1,4706.4,1,4707.2,3,4708.0,1,4709.4,1,4710.8,1,4712.0,1,4714.0,1,4722.8,6,4708.6
IC2503,,13:39:38.300#,4752.6,4760.2,4702.8,5248.4,4294.4,2648,2635,4705.4,1,4706.4,1,4707.2,3,4708.0,1,4708.6,1,4709.2,1,4709.4,1,4710.8,1,4712.0,1,4714.0,1,4708.6
IC2503,,13:39:40.800#,4752.6,4760.2,4702.8,5248.4,4294.4,2648,2635,4705.4,1,4706.4,1,4707.2,3,4708.0,1,4708.6,1,4709.4,1,4710.8,1,4712.0,1,4714.0,1,4722.8,6,4708.6
IC2503,,13:39:43.800#,4752.6,4760.2,4702.8,5248.4,4294.4,2648,2635,4705.4,1,4706.4,1,4707.2,3,4708.0,1,4708.6,1,4709.4,2,4710.8,1,4712.0,1,4714.0,1,4722.8,6,4708.6
IC2503,,13:39:44.300#,4752.6,4760.2,4702.8,5248.4,4294.4,2648,2635,4705.4,1,4706.4,1,4707.2,3,4708.0,1,4708.6,1,4709.4,1,4710.8,1,4712.0,1,4714.0,1,4722.8,6,4708.6
IC2503,,13:39:45.300#,4752.6,4760.2,4702.8,5248.4,4294.4,2649,2636,4705.4,1,4706.4,1,4707.2,3,4708.0,1,4708.6,1,4710.8,1,4712.0,1,4714.0,1,4722.8,6,4723.6,5,4709.4
IC2503,,13:39:45.800#,4752.6,4760.2,4702.8,5248.4,4294.4,2649,2636,4705.4,1,4706.4,1,4707.2,3,4708.0,1,4708.6,1,4710.0,1,4710.4,2,4710.6,4,4710.8,1,4712.0,1,4709.4
IC2503,,13:39:46.300#,4752.6,4760.2,4702.8,5248.4,4294.4,2649,2636,4705.4,1,4706.4,1,4707.2,3,4708.0,1,4708.6,1,4710.0,1,4710.4,2,4710.6,2,4710.8,1,4712.0,1,4709.4
IC2503,,13:39:46.800#,4752.6,4760.2,4702.8,5248.4,4294.4,2650,2637,4705.0,2,4705.4,1,4706.4,1,4707.2,3,4708.0,1,4710.0,1,4710.4,1,4710.6,2,4710.8,1,4712.0,1,4708.6
IC2503,,13:39:47.300#,4752.6,4760.2,4702.8,5248.4,4294.4,2650,2637,4705.4,1,4706.4,1,4707.2,2,4708.0,1,4708.2,5,4709.6,1,4709.8,3,4710.0,1,4710.6,2,4710.8,1,4708.6
IC2503,,13:39:51.300#,4752.6,4760.2,4702.8,5248.4,4294.4,2655,2642,4705.0,2,4705.4,1,4706.4,1,4707.2,2,4708.0,1,4709.6,1,4709.8,3,4710.0,1,4710.6,2,4710.8,1,4708.2
IC2503,,13:39:51.800#,4752.6,4760.2,4702.8,5248.4,4294.4,2655,2642,4705.4,1,4706.4,1,4707.2,2,4708.0,1,4708.2,1,4709.2,2,4709.4,3,4709.6,1,4709.8,1,4710.0,1,4708.2
IC2503,,13:39:52.300#,4752.6,4760.2,4702.8,5248.4,4294.4,2656,2643,4705.0,2,4705.4,1,4706.4,1,4708.0,1,4708.2,1,4709.2,1,4709.4,3,4709.6,1,4709.8,1,4710.0,1,4709.2
IC2503,,13:39:52.800#,4752.6,4760.2,4702.8,5248.4,4294.4,2657,2644,4704.8,1,4705.0,2,4705.4,1,4706.4,1,4708.0,1,4709.4,3,4709.8,1,4710.0,1,4710.8,1,4712.0,1,4708.2
IC2503,,13:39:53.300#,4752.6,4760.2,4702.8,5248.4,4294.4,2657,2644,4704.8,1,4705.0,2,4705.4,1,4706.4,1,4708.0,1,4709.2,4,4709.4,2,4709.8,1,4710.0,1,4710.8,1,4708.2
IC2503,,13:39:57.800#,4752.6,4760.2,4702.8,5248.4,4294.4,2658,2645,4704.8,1,4705.0,2,4705.4,1,4706.4,1,4708.0,1,4709.2,3,4709.4,2,4709.8,1,4710.0,1,4710.8,1,4709.2
IC2503,,13:39:58.800#,4752.6,4760.2,4702.8,5248.4,4294.4,2658,2645,4704.8,1,4705.0,2,4705.4,1,4706.4,1,4708.0,1,4709.2,2,4709.4,2,4709.8,1,4710.0,1,4710.8,1,4709.2
IC2503,,13:39:59.800#,4752.6,4760.2,4702.8,5248.4,4294.4,2658,2645,4704.8,1,4705.0,2,4705.4,1,4706.4,1,4708.0,1,4709.2,1,4709.4,2,4709.8,1,4710.0,1,4710.8,1,4709.2
IC2503,,13:40:00.300#,4752.6,4760.2,4702.8,5248.4,4294.4,2658,2645,4705.4,1,4706.4,1,4708.0,1,4708.2,1,4709.2,1,4709.4,1,4709.8,1,4710.0,1,4710.8,1,4712.0,1,4709.2
IC2503,,13:40:00.800#,4752.6,4760.2,4702.8,5248.4,4294.4,2659,2646,4704.8,1,4705.0,2,4705.4,1,4706.4,1,4708.0,1,4709.4,2,4709.8,1,4710.0,1,4710.8,1,4712.0,1,4709.2
IC2503,,13:40:01.300#,4752.6,4760.2,4702.8,5248.4,4294.4,2659,2646,4705.0,2,4705.4,1,4706.4,1,4708.0,1,4708.2,2,4709.4,2,4709.8,1,4710.0,1,4710.8,1,4712.0,1,4709.2
IC2503,,13:40:01.800#,4752.6,4760.2,4702.8,5248.4,4294.4,2659,2646,4705.0,2,4705.4,1,4706.4,1,4708.0,1,4708.2,2,4709.4,3,4709.8,1,4710.0,1,4710.8,1,4712.0,1,4709.2
IC2503,,13:40:02.300#,4752.6,4760.2,4702.8,5248.4,4294.4,2660,2647,4705.0,2,4705.4,1,4706.4,1,4708.0,1,4708.2,2,4709.4,2,4709.8,1,4710.0,1,4710.8,1,4712.0,1,4709.4
IC2503,,13:40:03.300#,4752.6,4760.2,4702.8,5248.4,4294.4,2661,2648,4705.0,2,4705.4,1,4706.4,1,4708.0,1,4708.2,2,4709.4,1,4709.8,1,4710.0,1,4710.8,1,4712.0,1,4709.4
IC2503,,13:40:03.800#,4752.6,4760.2,4702.8,5248.4,4294.4,2661,2648,4705.4,1,4706.4,1,4708.0,1,4708.2,2,4708.4,1,4709.4,2,4709.8,1,4710.0,1,4710.8,1,4712.0,1,4709.4
IC2503,,13:40:04.300#,4752.6,4760.2,4702.8,5248.4,4294.4,2661,2648,4705.4,1,4706.4,1,4708.0,1,4708.2,1,4708.4,1,4709.4,2,4709.8,1,4710.0,1,4710.8,1,4712.0,1,4709.4
IC2503,,13:40:04.800#,4752.6,4760.2,4702.8,5248.4,4294.4,2662,2649,4705.0,2,4705.4,1,4706.4,1,4708.0,1,4708.2,1,4709.4,1,4709.8,1,4710.0,1,4710.8,1,4712.0,1,4709.4
IC2503,,13:40:05.300#,4752.6,4760.2,4702.8,5248.4,4294.4,2662,2649,4705.4,1,4706.4,1,4708.0,1,4708.2,1,4708.4,1,4709.4,1,4709.8,1,4710.0,1,4710.8,1,4712.0,1,4709.4
IC2503,,13:40:06.800#,4752.6,4760.2,4702.8,5248.4,4294.4,2663,2650,4705.4,1,4706.4,1,4708.0,1,4708.2,1,4708.4,1,4709.8,1,4710.0,1,4710.8,1,4712.0,1,4714.0,1,4709.4
IC2503,,13:40:07.300#,4752.6,4760.2,4702.8,5248.4,4294.4,2663,2650,4706.4,1,4708.0,1,4708.4,1,4708.6,1,4708.8,2,4710.0,1,4710.8,1,4712.0,1,4714.0,1,4722.8,6,4709.4
IC2503,,13:40:07.800#,4752.6,4760.2,4702.8,5248.4,4294.4,2663,2650,4705.4,1,4706.4,1,4708.0,1,4708.6,1,4708.8,2,4710.8,1,4712.0,1,4714.0,1,4722.8,6,4723.6,5,4709.4
IC2503,,13:40:08.300#,4752.6,4760.2,4702.8,5248.4,4294.4,2663,2650,4705.4,1,4706.4,1,4708.0,1,4708.8,2,4709.0,3,4710.4,1,4710.6,4,4710.8,1,4712.0,1,4714.0,1,4709.4
IC2503,,13:40:08.800#,4752.6,4760.2,4702.8,5248.4,4294.4,2663,2650,4705.0,2,4705.4,1,4706.4,1,4708.0,1,4709.0,2,4710.2,1,4710.4,1,4710.6,3,4710.8,1,4712.0,1,4709.4
IC2503,,13:40:09.300#,4752.6,4760.2,4702.8,5248.4,4294.4,2663,2650,4705.0,2,4705.4,1,4706.4,1,4708.0,1,4709.0,1,4710.4,1,4710.6,3,4710.8,1,4712.0,1,4714.0,1,4709.4
IC2503,,13:40:09.800#,4752.6,4760.2,4702.8,5248.4,4294.4,2663,2650,4704.8,1,4705.0,2,4705.4,1,4706.4,1,4708.0,1,4710.2,2,4710.4,1,4710.6,3,4710.8,1,4712.0,1,4709.4
IC2503,,13:40:10.300#,4752.6,4760.2,4702.8,5248.4,4294.4,2663,2650,4706.4,1,4708.0,1,4708.2,2,4708.4,2,4708.8,1,4710.2,2,4710.4,1,4710.6,3,4710.8,1,4712.0,1,4709.4
IC2503,,13:40:10.800#,4752.6,4760.2,4702.8,5248.4,4294.4,2663,2650,4706.4,1,4708.0,1,4708.2,1,4708.4,2,4708.8,1,4710.2,2,4710.4,1,4710.6,3,4710.8,1,4712.0,1,4709.4
IC2503,,13:40:14.800#,4752.6,4760.2,4702.8,5248.4,4294.4,2665,2652,4706.4,1,4708.0,1,4708.2,1,4708.4,2,4708.8,1,4710.4,1,4710.6,3,4710.8,1,4712.0,1,4714.0,1,4710.2
IC2503,,13:40:15.300#,4752.6,4760.2,4702.8,5248.4,4294.4,2666,2653,4705.4,1,4706.4,1,4708.0,1,4708.2,1,4708.4,1,4710.2,1,4710.4,1,4710.6,3,4710.8,1,4712.0,1,4709.0
IC2503,,13:40:15.800#,4752.6,4760.2,4702.8,5248.4,4294.4,2666,2653,4704.8,1,4705.0,2,4705.4,1,4706.4,1,4708.0,1,4709.8,3,4710.0,1,4710.2,1,4710.4,1,4710.6,1,4709.0
IC2503,,13:40:16.300#,4752.6,4760.2,4702.8,5248.4,4294.4,2666,2653,4705.0,2,4705.4,1,4706.4,1,4708.0,1,4708.2,1,4709.4,1,4709.6,3,4709.8,3,4710.4,1,4710.8,1,4709.0
IC2503,,13:40:16.800#,4752.6,4760.2,4702.8,5248.4,4294.4,2667,2654,4704.8,1,4705.0,2,4705.4,1,4706.4,1,4708.0,1,4709.2,1,4709.4,1,4709.6,2,4709.8,2,4710.4,1,4708.2
IC2503,,13:40:17.300#,4752.6,4760.2,4702.8,5248.4,4294.4,2667,2654,4704.8,1,4705.0,2,4705.4,1,4706.4,1,4708.0,1,4709.2,1,4709.6,2,4709.8,2,4710.4,1,4710.8,1,4708.2
IC2503,,13:40:19.800#,4752.6,4760.2,4702.8,5248.4,4294.4,2667,2654,4705.0,2,4705.4,1,4706.4,1,4708.0,1,4708.2,1,4709.6,2,4709.8,2,4710.4,1,4710.8,1,4712.0,1,4708.2
IC2503,,13:40:20.300#,4752.6,4760.2,4702.8,5248.4,4294.4,2667,2654,4705.0,2,4705.4,1,4706.4,1,4708.0,1,4708.2,1,4709.4,1,4709.6,2,4709.8,2,4710.4,1,4710.8,1,4708.2
IC2503,,13:40:21.300#,4752.6,4760.2,4702.8,5248.4,4294.4,2667,2654,4704.8,1,4705.0,2,4705.4,1,4706.4,1,4708.0,1,4709.4,1,4709.6,2,4709.8,2,4710.4,1,4710.8,1,4708.2
IC2503,,13:40:22.300#,4752.6,4760.2,4702.8,5248.4,4294.4,2667,2654,4704.8,1,4705.0,2,4705.4,1,4706.4,1,4708.0,1,4709.2,1,4709.4,1,4709.6,2,4709.8,1,4710.4,1,4708.2
IC2503,,13:40:22.800#,4752.6,4760.2,4702.8,5248.4,4294.4,2668,2655,4702.8,2,4704.8,1,4705.0,2,4705.4,1,4706.4,1,4708.8,1,4709.0,2,4709.2,1,4709.6,1,4709.8,1,4708.0
IC2503,,13:40:23.300#,4752.6,4760.2,4702.8,5248.4,4294.4,2668,2655,4705.4,1,4706.4,1,4706.6,2,4706.8,2,4707.2,1,4708.8,1,4709.0,2,4709.2,1,4709.6,1,4709.8,1,4708.0
IC2503,,13:40:23.800#,4752.6,4760.2,4702.8,5248.4,4294.4,2668,2655,4706.4,1,4706.6,1,4706.8,2,4707.2,1,4707.4,1,4709.0,2,4709.2,1,4709.6,1,4709.8,1,4710.4,1,4708.0
IC2503,,13:40:24.300#,4752.6,4760.2,4702.8,5248.4,4294.4,2668,2655,4706.4,1,4706.6,1,4706.8,2,4707.2,1,4707.4,1,4708.8,2,4709.0,2,4709.2,1,4709.6,1,4709.8,1,4708.0
IC2503,,13:40:24.800#,4752.6,4760.2,4702.8,5248.4,4294.4,2668,2655,4705.4,1,4706.4,1,4706.6,1,4706.8,2,4707.2,1,4708.8,2,4709.0,2,4709.2,1,4709.6,1,4709.8,1,4708.0
IC2503,,13:40:25.300#,4752.6,4760.2,4702.8,5248.4,4294.4,2668,2655,4705.0,2,4705.4,1,4706.4,1,4706.6,1,4706.8,2,4708.6,3,4708.8,2,4709.0,1,4709.6,1,4709.8,1,4708.0
IC2503,,13:40:25.800#,4752.6,4760.2,4702.8,5248.4,4294.4,2668,2655,4705.0,2,4705.4,1,4706.4,1,4706.6,1,4706.8,2,4708.4,2,4708.6,3,4708.8,1,4709.6,1,4710.8,1,4708.0
IC2503,,13:40:26.300#,4752.6,4760.2,4702.8,5248.4,4294.4,2668,2655,4705.0,2,4705.4,1,4706.4,1,4706.6,1,4706.8,2,4708.2,1,4708.4,2,4708.6,3,4708.8,1,4710.8,1,4708.0
IC2503,,13:40:26.800#,4752.6,4760.2,4702.8,5248.4,4294.4,2668,2655,4704.8,1,4705.0,2,4705.4,1,4706.4,1,4706.8,2,4708.2,1,4708.4,2,4708.6,3,4708.8,1,4710.8,1,4708.0
IC2503,,13:40:27.300#,4752.6,4760.2,4702.8,5248.4,4294.4,2668,2655,4704.8,1,4705.0,2,4705.4,1,4706.4,1,4706.8,2,4708.4,2,4708.6,3,4708.8,1,4710.8,1,4712.0,1,4708.0
IC2503,,13:40:39.800#,4752.6,4760.2,4702.8,5248.4,4294.4,2668,2655,4704.8,1,4705.0,2,4705.4,1,4706.4,1,4706.8,2,4708.4,3,4708.6,3,4708.8,1,4710.8,1,4712.0,1,4708.0
IC2503,,13:40:40.300#,4752.6,4760.2,4702.8,5248.4,4294.4,2668,2655,4705.0,2,4705.4,1,4706.4,1,4706.8,2,4707.0,1,4708.4,2,4708.6,3,4708.8,1,4710.8,1,4712.0,1,4708.0
IC2503,,13:40:41.300#,4752.6,4760.2,4702.8,5248.4,4294.4,2668,2655,4705.0,2,4705.4,1,4706.4,1,4706.8,1,4707.0,1,4708.2,1,4708.4,2,4708.6,2,4708.8,1,4710.8,1,4708.0
IC2503,,13:40:41.800#,4752.6,4760.2,4702.8,5248.4,4294.4,2668,2655,4704.8,1,4705.0,2,4705.4,1,4706.4,1,4706.8,1,4708.2,1,4708.4,2,4708.6,2,4708.8,1,4710.8,1,4708.0
IC2503,,13:40:42.800#,4752.6,4760.2,4702.8,5248.4,4294.4,2668,2655,4704.8,1,4705.0,2,4705.4,1,4706.4,1,4706.8,1,4708.0,1,4708.2,1,4708.4,2,4708.6,2,4708.8,1,4708.0
IC2503,,13:40:44.300#,4752.6,4760.2,4702.8,5248.4,4294.4,2668,2655,4702.8,2,4704.8,1,4705.0,2,4705.4,1,4706.4,1,4708.0,1,4708.2,1,4708.4,2,4708.6,2,4708.8,1,4708.0
IC2503,,13:40:45.300#,4752.6,4760.2,4702.8,5248.4,4294.4,2668,2655,4702.8,2,4704.8,1,4705.0,2,4705.4,1,4706.4,1,4708.0,1,4708.2,1,4708.4,2,4708.6,1,4708.8,1,4708.0
IC2503,,13:40:46.800#,4752.6,4760.2,4702.8,5248.4,4294.4,2669,2656,4702.4,1,4702.8,2,4704.8,1,4705.0,2,4705.4,1,4708.0,1,4708.2,1,4708.4,2,4708.6,1,4708.8,1,4706.4
IC2503,,13:40:47.300#,4752.6,4760.2,4702.8,5248.4,4294.4,2669,2656,4704.8,1,4705.0,2,4705.4,1,4705.6,2,4706.2,1,4707.6,4,4708.0,1,4708.4,2,4708.6,1,4708.8,1,4706.4
IC2503,,13:40:47.800#,4752.6,4760.2,4702.8,5248.4,4294.4,2671,2658,4704.8,1,4705.0,2,4705.4,1,4705.6,1,4706.2,1,4707.6,1,4708.4,2,4708.6,1,4708.8,1,4710.8,1,4707.6
IC2503,,13:40:48.300#,4752.6,4760.2,4702.8,5248.4,4294.4,2672,2659,4704.8,1,4705.0,2,4705.4,1,4706.2,1,4706.4,2,4708.4,1,4708.6,1,4708.8,1,4710.8,1,4712.0,1,4708.4
IC2503,,13:40:48.800#,4752.6,4760.2,4702.8,5248.4,4294.4,2672,2659,4705.0,2,4705.4,1,4706.2,1,4706.4,2,4706.6,1,4708.2,2,4708.4,1,4708.6,1,4708.8,1,4710.8,1,4708.4
IC2503,,13:40:49.300#,4752.6,4760.2,4702.8,5248.4,4294.4,2672,2659,4705.4,1,4706.2,1,4706.4,1,4706.6,1,4706.8,1,4708.2,1,4708.4,1,4708.6,1,4708.8,1,4710.8,1,4708.4
IC2503,,13:40:49.800#,4752.6,4760.2,4702.8,5248.4,4294.4,2672,2659,4705.0,2,4705.4,1,4706.2,1,4706.4,1,4706.8,1,4708.0,1,4708.2,1,4708.4,1,4708.6,1,4708.8,1,4708.4
IC2503,,13:40:50.300#,4752.6,4760.2,4702.8,5248.4,4294.4,2672,2659,4704.8,1,4705.0,2,4705.4,1,4706.2,1,4706.4,1,4708.0,1,4708.4,1,4708.6,1,4708.8,1,4710.8,1,4708.4
IC2503,,13:40:50.800#,4752.6,4760.2,4702.8,5248.4,4294.4,2672,2659,4705.0,2,4705.4,1,4706.2,1,4706.4,1,4706.6,1,4708.0,1,4708.4,1,4708.6,1,4708.8,1,4710.8,1,4708.4
IC2503,,13:40:51.300#,4752.6,4760.2,4702.8,5248.4,4294.4,2672,2659,4705.0,2,4705.4,1,4706.2,1,4706.4,1,4706.6,1,4708.4,1,4708.6,1,4708.8,1,4710.8,1,4712.0,1,4708.4
IC2503,,13:40:51.800#,4752.6,4760.2,4702.8,5248.4,4294.4,2672,2659,4705.4,1,4706.2,1,4706.6,1,4706.8,1,4707.0,1,4708.2,2,4708.4,1,4708.6,1,4708.8,1,4710.8,1,4708.4
IC2503,,13:40:52.300#,4752.6,4760.2,4702.8,5248.4,4294.4,2673,2660,4705.0,2,4705.4,1,4706.2,1,4706.6,1,4706.8,1,4708.2,1,4708.4,1,4708.6,1,4708.8,1,4710.8,1,4707.0
IC2503,,13:40:52.800#,4752.6,4760.2,4702.8,5248.4,4294.4,2673,2660,4704.8,1,4705.0,2,4705.4,1,4706.2,1,4706.6,1,4708.2,1,4708.4,1,4708.6,1,4708.8,1,4710.8,1,4707.0
IC2503,,13:41:00.800#,4752.6,4760.2,4702.8,5248.4,4294.4,2673,2660,4704.8,1,4705.0,2,4705.4,1,4706.2,1,4706.6,1,4708.2,2,4708.4,1,4708.6,1,4708.8,1,4710.8,1,4707.0
IC2503,,13:41:01.300#,4752.6,4760.2,4702.8,5248.4,4294.4,2673,2660,4704.8,1,4705.0,2,4705.4,1,4706.2,1,4706.6,1,4708.0,1,4708.2,2,4708.4,1,4708.6,1,4708.8,1,4707.0
IC2503,,13:41:01.800#,4752.6,4760.2,4702.8,5248.4,4294.4,2673,2660,4704.8,1,4705.0,2,4705.4,1,4706.2,1,4706.6,1,4708.2,1,4708.4,1,4708.6,1,4708.8,1,4710.8,1,4707.0
IC2503,,13:41:02.300#,4752.6,4760.2,4702.8,5248.4,4294.4,2673,2660,4704.8,1,4705.0,2,4705.4,1,4706.2,1,4706.6,1,4708.0,1,4708.2,1,4708.4,1,4708.6,1,4708.8,1,4707.0
IC2503,,13:41:07.800#,4752.6,4760.2,4702.8,5248.4,4294.4,2673,2660,4704.8,1,4705.0,2,4705.4,1,4706.2,1,4706.6,1,4708.0,2,4708.2,1,4708.4,1,4708.6,1,4708.8,1,4707.0
IC2503,,13:41:09.300#,4752.6,4760.2,4702.8,5248.4,4294.4,2673,2660,4702.8,2,4704.8,1,4705.0,2,4705.4,1,4706.2,1,4707.6,1,4707.8,1,4708.0,2,4708.2,1,4708.4,1,4707.0
IC2503,,13:41:09.800#,4752.6,4760.2,4702.8,5248.4,4294.4,2673,2660,4702.8,2,4704.8,1,4705.0,2,4705.4,1,4706.4,1,4707.6,1,4707.8,1,4708.0,1,4708.2,1,4708.4,1,4707.0
IC2503,,13:41:11.800#,4752.6,4760.2,4702.8,5248.4,4294.4,2674,2661,4702.4,1,4702.8,2,4704.8,1,4705.0,2,4705.4,1,4707.6,1,4707.8,1,4708.0,1,4708.2,1,4708.4,1,4706.4
IC2503,,13:41:12.300#,4752.6,4760.2,4702.8,5248.4,4294.4,2674,2661,4705.0,2,4705.4,1,4705.6,2,4705.8,1,4706.0,1,4707.6,1,4707.8,1,4708.0,1,4708.2,1,4708.4,1,4706.4
IC2503,,13:41:12.800#,4752.6,4760.2,4702.8,5248.4,4294.4,2674,2661,4705.0,2,4705.4,1,4705.6,2,4706.0,1,4706.2,1,4707.6,1,4708.2,1,4708.4,1,4708.6,1,4708.8,1,4706.4
IC2503,,13:41:13.300#,4752.6,4760.2,4702.8,5248.4,4294.4,2674,2661,4705.0,2,4705.4,1,4705.6,2,4706.0,1,4706.2,2,4707.6,2,4708.2,1,4708.4,1,4708.6,1,4708.8,1,4706.4
IC2503,,13:41:15.800#,4752.6,4760.2,4702.8,5248.4,4294.4,2675,2662,4705.0,2,4705.4,1,4705.6,2,4706.0,1,4706.2,1,4707.6,3,4708.2,1,4708.6,1,4708.8,1,4710.8,1,4706.2
IC2503,,13:41:16.800#,4752.6,4760.2,4702.8,5248.4,4294.4,2676,2663,4704.8,1,4705.0,2,4705.4,1,4705.6,1,4706.0,1,4707.6,2,4708.2,1,4708.6,1,4708.8,1,4710.8,1,4706.2
IC2503,,13:41:17.300#,4752.6,4760.2,4702.8,5248.4,4294.4,2676,2663,4705.0,2,4705.4,1,4705.6,1,4706.0,1,4706.2,3,4707.6,2,4708.2,1,4708.6,1,4708.8,1,4710.8,1,4706.2
IC2503,,13:41:17.800#,4752.6,4760.2,4702.8,5248.4,4294.4,2676,2663,4705.0,2,4705.4,1,4706.0,1,4706.2,3,4706.4,1,4707.6,2,4708.2,1,4708.6,1,4708.8,1,4710.8,1,4706.2
IC2503,,13:41:18.300#,4752.6,4760.2,4702.8,5248.4,4294.4,2676,2663,4705.4,1,4706.0,1,4706.2,2,4706.4,1,4706.6,1,4707.6,2,4708.2,1,4708.6,1,4708.8,1,4710.8,1,4706.2
IC2503,,13:41:22.300#,4752.6,4760.2,4702.8,5248.4,4294.4,2676,2663,4705.4,1,4706.0,1,4706.2,1,4706.4,1,4706.6,1,4707.6,2,4708.2,1,4708.6,1,4708.8,1,4710.8,1,4706.2
IC2503,,13:41:24.300#,4752.6,4760.2,4702.8,5248.4,4294.4,2677,2664,4705.4,1,4706.0,1,4706.2,1,4706.4,1,4706.6,1,4707.6,1,4708.2,1,4708.6,1,4708.8,1,4710.8,1,4707.6
IC2503,,13:41:25.300#,4752.6,4760.2,4702.8,5248.4,4294.4,2678,2665,4705.4,1,4706.0,1,4706.2,1,4706.4,1,4706.6,1,4708.2,1,4708.6,1,4708.8,1,4710.8,1,4712.0,1,4707.6
IC2503,,13:41:25.800#,4752.6,4760.2,4702.8,5248.4,4294.4,2678,2665,4705.4,1,4706.0,1,4706.2,1,4706.4,1,4706.6,1,4707.8,1,4708.2,1,4708.6,1,4708.8,1,4710.8,1,4707.6
IC2503,,13:41:26.300#,4752.6,4760.2,4702.8,5248.4,4294.4,2678,2665,4705.4,1,4706.0,1,4706.2,1,4706.4,1,4706.6,1,4708.2,1,4708.6,1,4708.8,1,4710.8,1,4712.0,1,4707.6
IC2503,,13:41:26.800#,4752.6,4760.2,4702.8,5248.4,4294.4,2678,2665,4705.4,1,4706.0,1,4706.4,1,4706.6,1,4706.8,2,4707.0,2,4708.2,1,4708.6,1,4708.8,1,4710.8,1,4707.6
IC2503,,13:41:27.300#,4752.6,4760.2,4702.8,5248.4,4294.4,2680,2667,4705.4,1,4706.0,1,4706.4,1,4707.0,3,4708.0,1,4708.2,1,4708.6,1,4708.8,1,4710.8,1,4712.0,1,4707.0
IC2503,,13:41:27.800#,4752.6,4760.2,4702.8,5248.4,4294.4,2680,2667,4705.4,1,4706.0,1,4706.4,1,4707.0,2,4708.0,1,4708.2,1,4708.6,1,4708.8,1,4710.8,1,4712.0,1,4707.0
IC2503,,13:41:28.300#,4752.6,4760.2,4702.8,5248.4,4294.4,2682,2669,4706.0,1,4706.4,1,4706.8,1,4707.0,1,4708.4,1,4710.8,1,4712.0,1,4714.0,1,4722.8,6,4723.6,5,4708.8
IC2503,,13:41:28.800#,4752.6,4760.2,4702.8,5248.4,4294.4,2683,2670,4705.4,1,4706.0,1,4706.4,1,4706.8,1,4707.0,1,4709.6,1,4710.0,1,4710.4,2,4710.6,6,4710.8,1,4708.4
IC2503,,13:41:29.300#,4752.6,4760.2,4702.8,5248.4,4294.4,2683,2670,4705.4,1,4706.0,1,4706.4,1,4707.0,1,4707.2,4,4708.8,1,4709.2,2,4709.4,1,4709.6,1,4710.0,1,4708.4
IC2503,,13:41:29.800#,4752.6,4760.2,4702.8,5248.4,4294.4,2684,2671,4705.4,1,4706.0,1,4706.4,1,4707.0,1,4707.2,3,4708.8,1,4709.2,2,4709.4,1,4710.0,1,4710.6,4,4707.4
IC2503,,13:41:30.300#,4752.6,4760.2,4702.8,5248.4,4294.4,2684,2671,4705.4,1,4706.0,1,4706.4,1,4707.0,1,4707.2,2,4708.2,1,4708.4,1,4708.6,1,4708.8,1,4709.2,1,4707.4
IC2503,,13:41:30.800#,4752.6,4760.2,4702.8,5248.4,4294.4,2684,2671,4706.0,1,4706.4,1,4707.0,1,4707.2,1,4708.0,1,4708.2,1,4708.4,1,4708.6,1,4708.8,1,4709.4,1,4707.4
IC2503,,13:41:31.300#,4752.6,4760.2,4702.8,5248.4,4294.4,2685,2672,4705.0,2,4705.4,1,4706.0,1,4706.4,1,4707.0,1,4708.2,1,4708.6,1,4708.8,1,4709.4,1,4710.0,1,4708.0
IC2503,,13:41:32.300#,4752.6,4760.2,4702.8,5248.4,4294.4,2687,2674,4704.8,1,4705.0,2,4705.4,1,4706.0,1,4706.4,1,4708.6,1,4708.8,1,4709.4,1,4710.0,1,4710.6,3,4707.0
IC2503,,13:41:32.800#,4752.6,4760.2,4702.8,5248.4,4294.4,2687,2674,4705.4,1,4706.0,1,4706.6,3,4706.8,1,4707.0,1,4708.2,1,4708.6,1,4708.8,1,4709.4,1,4710.0,1,4707.0
IC2503,,13:41:33.300#,4752.6,4760.2,4702.8,5248.4,4294.4,2687,2674,4705.4,1,4706.0,1,4706.6,2,4706.8,1,4708.0,1,4708.2,1,4708.6,1,4708.8,1,4709.4,1,4710.0,1,4707.0
IC2503,,13:41:33.800#,4752.6,4760.2,4702.8,5248.4,4294.4,2688,2675,4705.0,2,4705.4,1,4706.0,1,4706.6,2,4706.8,1,4708.6,1,4708.8,1,4709.4,1,4710.0,1,4710.6,3,4708.0
IC2503,,13:41:34.300#,4752.6,4760.2,4702.8,5248.4,4294.4,2688,2675,4705.4,1,4706.0,1,4706.6,1,4706.8,1,4707.0,1,4708.2,1,4708.4,2,4708.6,1,4708.8,1,4709.4,1,4708.0
IC2503,,13:41:34.800#,4752.6,4760.2,4702.8,5248.4,4294.4,2688,2675,4705.4,1,4706.0,1,4706.6,1,4706.8,1,4707.0,1,4708.0,1,4708.2,1,4708.4,2,4708.8,1,4709.4,1,4708.0
IC2503,,13:41:35.300#,4752.6,4760.2,4702.8,5248.4,4294.4,2689,2676,4705.4,1,4706.0,1,4706.6,1,4706.8,1,4707.0,1,4708.4,2,4708.8,1,4709.4,1,4710.0,1,4710.6,3,4708.0
IC2503,,13:41:36.300#,4752.6,4760.2,4702.8,5248.4,4294.4,2689,2676,4705.4,1,4706.0,1,4706.6,1,4706.8,1,4707.0,1,4708.2,1,4708.4,2,4708.8,1,4709.4,1,4710.0,1,4708.0
IC2503,,13:41:40.300#,4752.6,4760.2,4702.8,5248.4,4294.4,2689,2676,4706.0,1,4706.6,1,4706.8,1,4707.0,1,4707.2,1,4708.2,1,4708.4,2,4708.8,1,4709.4,1,4710.0,1,4708.0
IC2503,,13:41:40.800#,4752.6,4760.2,4702.8,5248.4,4294.4,2689,2676,4705.4,1,4706.0,1,4706.6,1,4706.8,1,4707.2,1,4708.2,1,4708.4,2,4708.8,1,4709.4,1,4710.0,1,4708.0
IC2503,,13:41:42.300#,4752.6,4760.2,4702.8,5248.4,4294.4,2689,2676,4706.0,1,4706.6,1,4706.8,1,4707.2,1,4707.4,2,4708.4,1,4708.8,1,4709.4,1,4710.0,1,4710.6,3,4708.0
IC2503,,13:41:42.800#,4752.6,4760.2,4702.8,5248.4,4294.4,2689,2676,4706.0,1,4706.6,1,4706.8,1,4707.2,1,4707.4,2,4708.8,1,4709.4,1,4710.0,1,4710.6,3,4710.8,1,4708.0
IC2503,,13:41:43.300#,4752.6,4760.2,4702.8,5248.4,4294.4,2689,2676,4705.4,1,4706.0,1,4706.6,1,4706.8,1,4707.2,1,4708.8,1,4709.4,1,4710.0,1,4710.6,3,4710.8,1,4708.0
IC2503,,13:41:46.300#,4752.6,4760.2,4702.8,5248.4,4294.4,2691,2678,4705.4,1,4706.0,1,4706.6,1,4706.8,1,4707.2,1,4710.0,1,4710.6,3,4710.8,1,4712.0,1,4714.0,1,4709.4
IC2503,,13:41:46.800#,4752.6,4760.2,4702.8,5248.4,4294.4,2692,2679,4705.4,1,4706.0,1,4706.6,1,4707.2,1,4707.4,1,4708.8,1,4709.2,1,4709.6,1,4709.8,3,4710.0,1,4707.4
IC2503,,13:41:47.300#,4752.6,4760.2,4702.8,5248.4,4294.4,2692,2679,4705.4,1,4706.0,1,4706.6,1,4707.2,1,4707.4,1,4708.8,1,4709.2,1,4709.6,1,4709.8,2,4710.0,1,4707.4
IC2503,,13:41:47.800#,4752.6,4760.2,4702.8,5248.4,4294.4,2692,2679,4705.4,1,4706.0,1,4706.6,1,4707.2,1,4707.4,1,4708.6,1,4708.8,1,4709.2,1,4709.6,1,4709.8,2,4707.4
IC2503,,13:41:51.300#,4752.6,4760.2,4702.8,5248.4,4294.4,2692,2679,4705.4,1,4706.0,1,4706.6,1,4707.2,1,4707.4,1,4708.6,2,4708.8,1,4709.2,1,4709.6,1,4709.8,2,4707.4
IC2503,,13:41:51.800#,4752.6,4760.2,4702.8,5248.4,4294.4,2692,2679,4705.0,2,4705.4,1,4706.0,1,4706.6,1,4707.2,1,4708.6,3,4708.8,1,4709.2,1,4709.6,1,4709.8,2,4707.4
IC2503,,13:41:52.300#,4752.6,4760.2,4702.8,5248.4,4294.4,2692,2679,4705.0,2,4705.4,1,4706.0,1,4706.6,1,4707.2,1,4708.4,1,4708.6,3,4708.8,1,4709.8,2,4710.0,1,4707.4
IC2503,,13:41:52.800#,4752.6,4760.2,4702.8,5248.4,4294.4,2692,2679,4705.0,2,4705.4,1,4706.0,1,4706.6,1,4707.2,1,4708.4,1,4708.6,2,4708.8,1,4709.8,2,4710.0,1,4707.4
IC2503,,13:41:56.300#,4752.6,4760.2,4702.8,5248.4,4294.4,2692,2679,4705.0,2,4705.4,1,4706.0,1,4706.6,1,4707.2,1,4708.4,2,4708.6,1,4708.8,1,4709.8,2,4710.0,1,4707.4
IC2503,,13:41:56.800#,4752.6,4760.2,4702.8,5248.4,4294.4,2692,2679,4705.0,2,4705.4,1,4706.0,1,4706.6,1,4707.2,1,4708.2,1,4708.4,2,4708.6,1,4708.8,1,4709.8,2,4707.4
IC2503,,13:41:57.300#,4752.6,4760.2,4702.8,5248.4,4294.4,2692,2679,4705.0,2,4705.4,1,4706.0,1,4706.6,1,4707.2,1,4708.4,2,4708.6,1,4708.8,1,4709.8,2,4710.0,1,4707.4
IC2503,,13:41:58.300#,4752.6,4760.2,4702.8,5248.4,4294.4,2692,2679,4705.0,2,4705.4,1,4706.0,1,4706.6,1,4707.2,1,4708.4,2,4708.6,1,4708.8,1,4709.8,3,4710.0,1,4707.4
IC2503,,13:41:58.800#,4752.6,4760.2,4702.8,5248.4,4294.4,2692,2679,4705.0,2,4705.4,1,4706.0,1,4706.6,1,4707.2,1,4708.2,1,4708.4,2,4708.6,1,4708.8,1,4709.8,3,4707.4
IC2503,,13:41:59.300#,4752.6,4760.2,4702.8,5248.4,4294.4,2693,2680,4705.0,2,4705.4,1,4706.0,1,4706.6,1,4707.2,1,4708.4,2,4708.6,1,4708.8,1,4709.8,3,4710.0,1,4708.2
IC2503,,13:42:00.300#,4752.6,4760.2,4702.8,5248.4,4294.4,2693,2680,4705.0,2,4705.4,1,4706.0,1,4706.6,1,4707.2,1,4708.2,1,4708.4,2,4708.6,1,4708.8,1,4709.8,3,4708.2
IC2503,,13:42:00.800#,4752.6,4760.2,4702.8,5248.4,4294.4,2693,2680,4705.0,2,4705.4,1,4706.0,1,4706.6,1,4707.2,1,4708.2,2,4708.4,2,4708.6,1,4708.8,1,4709.8,3,4708.2
IC2503,,13:42:01.300#,4752.6,4760.2,4702.8,5248.4,4294.4,2693,2680,4705.0,2,4705.4,1,4706.0,1,4706.6,1,4707.2,1,4708.2,3,4708.4,1,4708.6,1,4708.8,1,4709.8,3,4708.2
IC2503,,13:42:04.800#,4752.6,4760.2,4702.8,5248.4,4294.4,2694,2681,4705.0,2,4705.4,1,4706.0,1,4706.6,1,4707.2,1,4708.2,2,4708.4,1,4708.6,1,4708.8,1,4709.8,3,4708.2
IC2503,,13:42:06.800#,4752.6,4760.2,4702.8,5248.4,4294.4,2695,2682,4705.0,2,4705.4,1,4706.0,1,4706.6,1,4707.2,1,4708.2,1,4708.4,1,4708.6,1,4708.8,1,4709.8,3,4708.2
IC2503,,13:42:09.300#,4752.6,4760.2,4702.8,5248.4,4294.4,2697,2684,4705.0,2,4705.4,1,4706.0,1,4706.6,1,4707.2,1,4708.6,1,4708.8,1,4709.8,3,4710.0,1,4710.6,3,4708.4
IC2503,,13:42:09.800#,4752.6,4760.2,4702.8,5248.4,4294.4,2697,2684,4705.0,2,4705.4,1,4706.0,1,4706.6,1,4707.2,1,4708.4,2,4708.6,1,4708.8,1,4709.8,3,4710.0,1,4708.4
IC2503,,13:42:10.800#,4752.6,4760.2,4702.8,5248.4,4294.4,2697,2684,4705.0,2,4705.4,1,4706.0,1,4706.6,1,4707.2,1,4708.2,2,4708.4,1,4708.6,1,4708.8,1,4709.8,2,4708.4
IC2503,,13:42:11.300#,4752.6,4760.2,4702.8,5248.4,4294.4,2697,2684,4705.0,2,4705.4,1,4706.0,1,4706.6,1,4707.2,1,4708.0,1,4708.2,2,4708.6,1,4708.8,1,4709.8,2,4708.4
IC2503,,13:42:13.300#,4752.6,4760.2,4702.8,5248.4,4294.4,2697,2684,4705.0,2,4705.4,1,4706.0,1,4706.6,1,4707.2,1,4708.0,1,4708.2,1,4708.6,1,4708.8,1,4709.8,2,4708.4
IC2503,,13:42:14.300#,4752.6,4760.2,4702.8,5248.4,4294.4,2697,2684,4705.0,2,4705.4,1,4706.0,1,4706.6,1,4707.2,1,4708.0,2,4708.6,1,4708.8,1,4709.8,2,4710.0,1,4708.4
IC2503,,13:42:15.300#,4752.6,4760.2,4702.8,5248.4,4294.4,2697,2684,4705.4,1,4706.0,1,4706.6,1,4707.2,1,4707.4,2,4708.0,2,4708.6,1,4708.8,1,4709.8,2,4710.0,1,4708.4
IC2503,,13:42:15.800#,4752.6,4760.2,4702.8,5248.4,4294.4,2698,2685,4705.4,1,4706.0,1,4706.6,1,4707.2,1,4707.4,2,4708.0,1,4708.6,1,4708.8,1,4709.8,2,4710.0,1,4708.0
IC2503,,13:42:16.300#,4752.6,4760.2,4702.8,5248.4,4294.4,2698,2685,4705.0,2,4705.4,1,4706.0,1,4706.6,1,4707.2,1,4708.0,1,4708.6,1,4708.8,1,4709.8,2,4710.0,1,4708.0
IC2503,,13:42:16.800#,4752.6,4760.2,4702.8,5248.4,4294.4,2699,2686,4705.0,2,4705.4,1,4706.0,1,4706.6,1,4707.2,1,4708.6,1,4708.8,1,4709.8,2,4710.0,1,4710.6,1,4708.0
IC2503,,13:42:17.300#,4752.6,4760.2,4702.8,5248.4,4294.4,2700,2687,4704.8,1,4705.0,2,4705.4,1,4706.0,1,4706.6,1,4708.6,1,4708.8,1,4709.8,2,4710.0,1,4710.6,1,4707.2
IC2503,,13:42:17.800#,4752.6,4760.2,4702.8,5248.4,4294.4,2700,2687,4705.4,1,4706.0,1,4706.6,1,4706.8,3,4707.0,1,4708.2,1,4708.4,2,4708.6,1,4708.8,1,4709.8,2,4707.2
IC2503,,13:42:18.300#,4752.6,4760.2,4702.8,5248.4,4294.4,2700,2687,4705.4,1,4706.0,1,4706.6,1,4706.8,2,4707.0,1,4708.2,1,4708.6,1,4708.8,1,4709.8,2,4710.0,1,4707.2
IC2503,,13:42:18.800#,4752.6,4760.2,4702.8,5248.4,4294.4,2700,2687,4705.4,1,4706.0,1,4706.6,1,4706.8,2,4707.0,1,4708.6,1,4708.8,1,4709.8,2,4710.0,1,4710.6,1,4707.2
IC2503,,13:42:19.300#,4752.6,4760.2,4702.8,5248.4,4294.4,2700,2687,4705.4,1,4706.0,1,4706.6,1,4706.8,2,4707.0,1,4708.4,3,4708.6,1,4708.8,1,4709.8,2,4710.0,1,4707.2
IC2503,,13:42:21.300#,4752.6,4760.2,4702.8,5248.4,4294.4,2700,2687,4705.4,1,4706.0,1,4706.6,1,4706.8,2,4707.0,2,4708.4,3,4708.6,1,4708.8,1,4709.8,2,4710.0,1,4707.2
IC2503,,13:42:23.300#,4752.6,4760.2,4702.8,5248.4,4294.4,2700,2687,4705.4,1,4706.0,1,4706.6,1,4706.8,2,4707.0,2,4708.4,2,4708.6,1,4708.8,1,4709.8,2,4710.0,1,4707.2
IC2503,,13:42:27.800#,4752.6,4760.2,4702.8,5248.4,4294.4,2701,2688,4705.4,1,4706.0,1,4706.6,1,4706.8,2,4707.0,1,4708.4,3,4708.8,1,4709.8,2,4710.0,1,4710.6,1,4707.0
IC2503,,13:42:28.300#,4752.6,4760.2,4702.8,5248.4,4294.4,2701,2688,4705.4,1,4706.0,1,4706.6,1,4706.8,2,4707.0,1,4708.2,1,4708.4,3,4708.8,1,4709.8,2,4710.0,1,4707.0
IC2503,,13:42:28.800#,4752.6,4760.2,4702.8,5248.4,4294.4,2701,2688,4705.4,1,4706.0,1,4706.6,1,4706.8,1,4707.0,1,4708.2,2,4708.4,2,4708.8,1,4709.8,2,4710.0,1,4707.0
IC2503,,13:42:31.300#,4752.6,4760.2,4702.8,5248.4,4294.4,2701,2688,4706.0,1,4706.6,1,4706.8,1,4707.0,1,4707.2,2,4708.4,2,4708.8,1,4709.8,2,4710.0,1,4710.6,1,4707.0
IC2503,,13:42:31.800#,4752.6,4760.2,4702.8,5248.4,4294.4,2701,2688,4706.6,1,4706.8,1,4707.0,1,4707.2,3,4707.4,1,4708.4,1,4708.8,1,4709.8,2,4710.0,1,4710.6,1,4707.0
IC2503,,13:42:32.300#,4752.6,4760.2,4702.8,5248.4,4294.4,2702,2689,4706.6,1,4706.8,1,4707.0,1,4707.2,3,4707.4,1,4709.8,2,4710.0,1,4710.6,1,4710.8,1,4712.0,1,4708.4
IC2503,,13:42:32.800#,4752.6,4760.2,4702.8,5248.4,4294.4,2702,2689,4707.0,1,4707.2,2,4707.4,1,4707.6,2,4707.8,2,4709.4,1,4709.6,3,4709.8,2,4710.0,1,4710.6,1,4708.4
IC2503,,13:42:33.300#,4752.6,4760.2,4702.8,5248.4,4294.4,2702,2689,4707.0,1,4707.2,2,4707.4,1,4707.6,2,4707.8,2,4709.2,1,4709.4,1,4709.6,2,4709.8,2,4710.0,1,4708.4
IC2503,,13:42:36.800#,4752.6,4760.2,4702.8,5248.4,4294.4,2702,2689,4707.0,1,4707.2,2,4707.4,1,4707.6,2,4707.8,1,4709.2,1,4709.4,1,4709.6,2,4709.8,2,4710.0,1,4708.4
IC2503,,13:42:37.300#,4752.6,4760.2,4702.8,5248.4,4294.4,2702,2689,4706.0,1,4707.0,1,4707.2,2,4707.4,1,4707.6,2,4709.2,1,4709.4,1,4709.6,2,4709.8,2,4710.0,1,4708.4
IC2503,,13:42:37.800#,4752.6,4760.2,4702.8,5248.4,4294.4,2702,2689,4706.0,1,4707.0,1,4707.2,2,4707.4,1,4707.6,2,4709.0,1,4709.2,1,4709.4,1,4709.6,2,4709.8,2,4708.4
IC2503,,13:42:38.300#,4752.6,4760.2,4702.8,5248.4,4294.4,2702,2689,4707.0,1,4707.2,2,4707.4,1,4707.6,2,4707.8,1,4708.8,1,4709.0,1,4709.4,1,4709.6,2,4709.8,2,4708.4
IC2503,,13:42:38.800#,4752.6,4760.2,4702.8,5248.4,4294.4,2702,2689,4707.0,1,4707.2,2,4707.4,1,4707.6,2,4707.8,1,4708.8,1,4709.4,1,4709.6,2,4709.8,2,4710.0,1,4708.4
IC2503,,13:42:39.800#,4752.6,4760.2,4702.8,5248.4,4294.4,2702,2689,4707.2,2,4707.4,1,4707.6,2,4707.8,1,4708.0,2,4708.8,1,4709.4,1,4709.6,2,4709.8,2,4710.0,1,4708.4
IC2503,,13:42:40.300#,4752.6,4760.2,4702.8,5248.4,4294.4,2702,2689,4707.0,1,4707.2,2,4707.4,1,4707.6,2,4708.0,2,4708.8,1,4709.4,1,4709.6,2,4709.8,2,4710.0,1,4708.4
IC2503,,13:42:44.800#,4752.6,4760.2,4702.8,5248.4,4294.4,2702,2689,4706.0,1,4707.0,1,4707.4,1,4707.6,2,4708.0,2,4708.8,1,4709.4,1,4709.6,2,4709.8,2,4710.0,1,4708.4
IC2503,,13:42:46.800#,4752.6,4760.2,4702.8,5248.4,4294.4,2703,2690,4706.0,1,4707.0,1,4707.4,1,4707.6,2,4708.0,1,4708.8,1,4709.4,1,4709.6,2,4709.8,2,4710.0,1,4708.0
IC2503,,13:42:55.300#,4752.6,4760.2,4702.8,5248.4,4294.4,2704,2691,4706.0,1,4707.0,1,4707.4,1,4707.6,2,4708.0,1,4709.4,1,4709.6,2,4709.8,2,4710.0,1,4710.6,1,4708.8
IC2503,,13:42:55.800#,4752.6,4760.2,4702.8,5248.4,4294.4,2704,2691,4706.0,1,4707.0,1,4707.4,1,4707.6,2,4708.0,1,4709.2,1,4709.4,1,4709.6,2,4709.8,2,4710.0,1,4708.8
IC2503,,13:43:00.800#,4752.6,4760.2,4702.8,5248.4,4294.4,2704,2691,4706.0,1,4707.0,1,4707.4,1,4707.6,2,4708.0,1,4709.2,2,4709.4,1,4709.6,2,4709.8,2,4710.0,1,4708.8
IC2503,,13:43:03.800#,4752.6,4760.2,4702.8,5248.4,4294.4,2704,2691,4706.0,1,4707.0,1,4707.4,1,4707.6,2,4708.0,1,4709.2,3,4709.4,1,4709.6,2,4709.8,2,4710.0,1,4708.8
IC2503,,13:43:09.800#,4752.6,4760.2,4702.8,5248.4,4294.4,2704,2691,4706.0,1,4707.0,1,4707.4,1,4707.6,2,4708.0,1,4709.0,1,4709.2,3,4709.4,1,4709.6,2,4709.8,1,4708.8
IC2503,,13:43:10.300#,4752.6,4760.2,4702.8,5248.4,4294.4,2704,2691,4706.0,1,4707.0,1,4707.4,1,4707.6,2,4708.0,1,4708.8,1,4709.0,1,4709.2,2,4709.4,1,4709.6,2,4708.8
IC2503,,13:43:17.300#,4752.6,4760.2,4702.8,5248.4,4294.4,2706,2693,4702.8,1,4704.8,1,4705.0,2,4705.4,1,4706.0,1,4708.0,1,4708.4,3,4708.6,1,4709.0,1,4709.2,2,4707.0
IC2503,,13:43:17.800#,4752.6,4760.2,4702.8,5248.4,4294.4,2706,2693,4705.0,2,4705.4,1,4706.0,1,4706.2,3,4706.4,1,4708.0,1,4708.4,3,4708.6,1,4709.0,1,4709.2,2,4707.0
IC2503,,13:43:19.300#,4752.6,4760.2,4702.8,5248.4,4294.4,2706,2693,4705.4,1,4706.0,1,4706.2,2,4706.4,1,4706.6,2,4708.0,1,4708.4,3,4708.6,1,4709.0,1,4709.2,2,4707.0
IC2503,,13:43:19.800#,4752.6,4760.2,4702.8,5248.4,4294.4,2706,2693,4705.4,1,4706.0,1,4706.2,2,4706.4,1,4706.6,2,4708.0,2,4708.4,3,4709.0,1,4709.2,2,4709.4,1,4707.0
IC2503,,13:43:27.800#,4752.6,4760.2,4702.8,5248.4,4294.4,2709,2696,4706.6,1,4706.8,1,4707.0,1,4707.2,2,4707.4,2,4708.8,4,4709.0,1,4709.2,2,4709.4,1,4710.0,1,4708.0
IC2503,,13:43:28.300#,4752.6,4760.2,4702.8,5248.4,4294.4,2709,2696,4706.0,1,4706.6,1,4706.8,1,4707.0,1,4707.2,2,4708.8,4,4709.0,1,4709.2,2,4709.4,1,4710.0,1,4708.0
IC2503,,13:43:28.800#,4752.6,4760.2,4702.8,5248.4,4294.4,2709,2696,4706.0,1,4706.6,1,4706.8,1,4707.0,1,4707.2,2,4708.6,1,4708.8,4,4709.0,1,4709.2,2,4709.4,1,4708.0
IC2503,,13:43:34.800#,4752.6,4760.2,4702.8,5248.4,4294.4,2710,2697,4706.0,1,4706.6,1,4706.8,1,4707.0,1,4707.2,1,4708.6,1,4708.8,2,4709.0,1,4709.2,2,4709.4,1,4708.4
IC2503,,13:43:35.800#,4752.6,4760.2,4702.8,5248.4,4294.4,2710,2697,4706.0,1,4706.6,1,4706.8,1,4707.0,1,4707.2,1,4708.4,1,4708.6,1,4708.8,2,4709.0,1,4709.2,2,4708.4
IC2503,,13:43:42.300#,4752.6,4760.2,4702.8,5248.4,4294.4,2711,2698,4705.4,1,4706.0,1,4706.6,1,4706.8,1,4707.0,1,4708.2,1,4708.4,2,4708.6,1,4708.8,2,4709.0,1,4707.2
IC2503,,13:43:42.800#,4752.6,4760.2,4702.8,5248.4,4294.4,2711,2698,4705.0,2,4705.4,1,4706.0,1,4706.6,1,4706.8,1,4708.2,1,4708.4,1,4708.6,1,4708.8,2,4709.0,1,4707.2
IC2503,,13:43:43.300#,4752.6,4760.2,4702.8,5248.4,4294.4,2711,2698,4704.8,1,4705.0,2,4705.4,1,4706.0,1,4706.6,1,4708.2,1,4708.4,1,4708.6,1,4708.8,1,4709.0,1,4707.2
IC2503,,13:43:43.800#,4752.6,4760.2,4702.8,5248.4,4294.4,2711,2698,4705.0,2,4705.4,1,4706.0,1,4706.6,1,4706.8,1,4708.0,1,4708.2,1,4708.4,1,4708.6,1,4708.8,1,4707.2
IC2503,,13:43:44.300#,4752.6,4760.2,4702.8,5248.4,4294.4,2711,2698,4705.0,2,4705.4,1,4706.0,1,4706.6,1,4706.8,1,4708.2,1,4708.4,1,4708.6,1,4708.8,1,4709.0,1,4707.2
IC2503,,13:43:44.800#,4752.6,4760.2,4702.8,5248.4,4294.4,2711,2698,4705.4,1,4706.0,1,4706.6,1,4706.8,1,4708.0,1,4708.2,1,4708.4,1,4708.6,1,4708.8,1,4709.0,1,4707.2
IC2503,,13:43:45.300#,4752.6,4760.2,4702.8,5248.4,4294.4,2712,2699,4704.8,1,4705.0,2,4705.4,1,4706.0,1,4706.6,1,4708.2,1,4708.4,1,4708.6,1,4708.8,1,4709.0,1,4708.0
IC2503,,13:43:45.800#,4752.6,4760.2,4702.8,5248.4,4294.4,2712,2699,4705.0,2,4705.4,1,4706.0,1,4706.6,1,4706.8,1,4708.4,1,4708.6,1,4708.8,1,4709.0,1,4709.2,1,4708.0
IC2503,,13:43:46.300#,4752.6,4760.2,4702.8,5248.4,4294.4,2712,2699,4705.4,1,4706.0,1,4706.6,1,4706.8,1,4707.0,2,4708.4,1,4708.6,1,4708.8,1,4709.0,1,4709.2,1,4708.0
IC2503,,13:43:46.800#,4752.6,4760.2,4702.8,5248.4,4294.4,2713,2700,4705.4,1,4706.0,1,4706.6,1,4706.8,1,4707.0,1,4708.4,1,4708.6,1,4708.8,1,4709.0,1,4709.2,1,4707.0
IC2503,,13:43:49.800#,4752.6,4760.2,4702.8,5248.4,4294.4,2713,2700,4706.0,1,4706.6,1,4706.8,1,4707.0,1,4708.0,1,4708.4,1,4708.6,1,4708.8,1,4709.0,1,4709.2,1,4707.0
IC2503,,13:43:50.300#,4752.6,4760.2,4702.8,5248.4,4294.4,2713,2700,4706.0,1,4706.6,1,4706.8,1,4707.0,1,4708.0,1,4708.4,1,4708.8,1,4709.0,1,4709.2,1,4709.4,1,4707.0
IC2503,,13:43:51.300#,4752.6,4760.2,4702.8,5248.4,4294.4,2714,2701,4706.0,1,4706.6,1,4706.8,1,4707.0,1,4708.0,1,4708.8,1,4709.0,1,4709.2,1,4709.4,1,4710.8,1,4708.4
IC2503,,13:43:51.800#,4752.6,4760.2,4702.8,5248.4,4294.4,2714,2701,4705.4,1,4706.0,1,4706.6,1,4706.8,1,4708.0,1,4709.0,1,4709.2,1,4709.4,1,4710.8,1,4712.0,1,4708.4
IC2503,,13:43:52.300#,4752.6,4760.2,4702.8,5248.4,4294.4,2714,2701,4705.4,1,4706.0,1,4706.6,1,4706.8,1,4708.0,1,4708.8,1,4709.0,1,4709.2,1,4709.4,1,4710.8,1,4708.4
IC2503,,13:43:53.800#,4752.6,4760.2,4702.8,5248.4,4294.4,2715,2702,4705.0,2,4705.4,1,4706.0,1,4706.6,1,4706.8,1,4708.8,1,4709.0,1,4709.4,1,4710.8,1,4712.0,1,4708.0
IC2503,,13:43:54.300#,4752.6,4760.2,4702.8,5248.4,4294.4,2715,2702,4706.6,1,4706.8,1,4707.0,1,4707.2,1,4707.4,1,4708.8,1,4709.0,1,4709.4,1,4710.8,1,4712.0,1,4708.0
IC2503,,13:44:00.800#,4752.6,4760.2,4702.8,5248.4,4294.4,2715,2702,4706.6,1,4706.8,1,4707.0,1,4707.2,1,4707.4,1,4708.8,2,4709.0,1,4709.4,1,4710.8,1,4712.0,1,4708.0
IC2503,,13:44:01.300#,4752.6,4760.2,4702.8,5248.4,4294.4,2715,2702,4702.8,1,4705.0,2,4706.8,1,4707.0,1,4707.2,1,4708.8,2,4709.0,1,4709.4,1,4710.8,1,4712.0,1,4708.0
IC2503,,13:44:01.800#,4752.6,4760.2,4702.8,5248.4,4294.4,2715,2702,4702.8,1,4705.0,2,4707.0,1,4707.2,1,4707.4,1,4708.8,2,4709.0,1,4709.4,1,4710.8,1,4712.0,1,4708.0
IC2503,,13:44:05.800#,4752.6,4760.2,4702.8,5248.4,4294.4,2715,2702,4705.0,2,4707.0,1,4707.2,1,4707.4,1,4707.6,2,4708.8,2,4709.0,1,4709.4,1,4710.8,1,4712.0,1,4708.0
IC2503,,13:44:06.300#,4752.6,4760.2,4702.8,5248.4,4294.4,2715,2702,4705.0,2,4707.0,1,4707.2,1,4707.6,2,4707.8,1,4708.8,2,4709.0,1,4709.4,1,4710.8,1,4712.0,1,4708.0
IC2503,,13:44:06.800#,4752.6,4760.2,4702.8,5248.4,4294.4,2717,2704,4705.0,2,4707.0,1,4707.6,2,4707.8,1,4708.8,1,4709.0,1,4709.4,1,4710.8,1,4712.0,1,4714.0,1,4708.8
IC2503,,13:44:08.300#,4752.6,4760.2,4702.8,5248.4,4294.4,2718,2705,4702.8,1,4705.0,2,4707.0,1,4707.6,2,4707.8,1,4709.0,1,4709.4,1,4710.8,1,4712.0,1,4714.0,1,4708.8
IC2503,,13:44:14.800#,4752.6,4760.2,4702.8,5248.4,4294.4,2718,2705,4702.8,1,4705.0,2,4707.0,1,4707.6,2,4707.8,1,4708.8,1,4709.0,1,4709.4,1,4710.8,1,4712.0,1,4708.8
IC2503,,13:44:15.300#,4752.6,4760.2,4702.8,5248.4,4294.4,2719,2706,4702.8,1,4705.0,2,4707.0,1,4707.6,2,4707.8,1,4709.0,1,4709.4,1,4710.8,1,4712.0,1,4714.0,1,4708.8
IC2503,,13:44:15.800#,4752.6,4760.2,4702.8,5248.4,4294.4,2719,2706,4702.8,1,4705.0,2,4707.0,1,4707.6,2,4707.8,1,4709.0,2,4709.4,1,4710.8,1,4712.0,1,4714.0,1,4708.8
IC2503,,13:44:17.300#,4752.6,4760.2,4702.8,5248.4,4294.4,2720,2707,4702.8,1,4705.0,2,4707.0,1,4707.6,2,4707.8,1,4709.0,2,4709.4,1,4710.8,1,4712.0,1,4714.0,1,4708.0
IC2503,,13:44:18.300#,4752.6,4760.2,4702.8,5248.4,4294.4,2720,2707,4705.0,2,4707.0,1,4707.6,2,4707.8,1,4708.0,1,4709.0,2,4709.4,1,4710.8,1,4712.0,1,4714.0,1,4708.0
IC2503,,13:44:20.800#,4752.6,4760.2,4702.8,5248.4,4294.4,2720,2707,4707.0,1,4707.6,2,4707.8,1,4708.0,1,4708.6,1,4709.0,2,4709.4,1,4710.8,1,4712.0,1,4714.0,1,4708.0
IC2503,,13:44:21.300#,4752.6,4760.2,4702.8,5248.4,4294.4,2720,2707,4702.8,1,4705.0,2,4707.0,1,4707.8,1,4708.6,1,4709.0,2,4709.4,1,4710.8,1,4712.0,1,4714.0,1,4708.0
IC2503,,13:44:22.300#,4752.6,4760.2,4702.8,5248.4,4294.4,2721,2708,4702.8,1,4705.0,2,4707.0,1,4707.8,1,4708.6,1,4709.0,1,4709.4,1,4710.8,1,4712.0,1,4714.0,1,4709.0
IC2503,,13:44:22.800#,4752.6,4760.2,4702.8,5248.4,4294.4,2722,2709,4702.4,1,4702.8,1,4705.0,2,4707.0,1,4707.8,1,4709.0,1,4709.4,1,4710.8,1,4712.0,1,4714.0,1,4708.6
IC2503,,13:44:23.800#,4752.6,4760.2,4702.8,5248.4,4294.4,2722,2709,4702.4,1,4702.8,1,4705.0,2,4707.0,1,4707.8,2,4709.0,1,4709.4,1,4710.8,1,4712.0,1,4714.0,1,4708.6
IC2503,,13:44:24.300#,4752.6,4760.2,4702.8,5248.4,4294.4,2722,2709,4702.4,1,4702.8,1,4705.0,2,4707.0,1,4707.8,1,4709.0,1,4709.4,1,4710.8,1,4712.0,1,4714.0,1,4708.6
IC2503,,13:44:26.300#,4752.6,4760.2,4702.8,5248.4,4294.4,2722,2709,4702.4,1,4702.8,1,4705.0,2,4707.0,1,4707.8,1,4709.0,2,4709.4,1,4710.8,1,4712.0,1,4714.0,1,4708.6
IC2503,,13:44:30.300#,4752.6,4760.2,4702.8,5248.4,4294.4,2723,2710,4702.4,1,4702.8,1,4705.0,2,4707.0,1,4707.8,1,4709.0,1,4709.4,1,4710.8,1,4712.0,1,4714.0,1,4709.0
IC2503,,13:44:31.800#,4752.6,4760.2,4702.8,5248.4,4294.4,2723,2710,4702.8,1,4705.0,2,4707.0,1,4707.8,1,4708.0,1,4709.0,1,4709.4,1,4710.8,1,4712.0,1,4714.0,1,4709.0
IC2503,,13:44:32.300#,4752.6,4760.2,4702.8,5248.4,4294.4,2724,2711,4702.8,1,4705.0,2,4707.0,1,4707.8,1,4708.0,1,4710.8,1,4712.0,1,4714.0,1,4722.8,6,4723.6,5,4709.0
IC2503,,13:44:32.800#,4752.6,4760.2,4702.8,5248.4,4294.4,2724,2711,4705.0,2,4707.0,1,4707.8,1,4708.0,1,4708.2,1,4709.6,1,4710.2,1,4710.4,2,4710.6,2,4710.8,1,4709.0
IC2503,,13:44:33.300#,4752.6,4760.2,4702.8,5248.4,4294.4,2724,2711,4702.8,1,4705.0,2,4707.0,1,4707.8,1,4708.2,1,4709.6,1,4710.2,1,4710.4,2,4710.6,1,4710.8,1,4709.0
IC2503,,13:44:33.800#,4752.6,4760.2,4702.8,5248.4,4294.4,2724,2711,4702.8,1,4705.0,2,4707.0,1,4707.8,1,4708.2,1,4709.6,1,4710.2,1,4710.4,1,4710.6,1,4710.8,1,4709.0
IC2503,,13:44:34.300#,4752.6,4760.2,4702.8,5248.4,4294.4,2724,2711,4702.8,1,4705.0,2,4707.0,1,4707.8,1,4708.2,1,4709.4,1,4710.2,1,4710.4,1,4710.6,1,4710.8,1,4709.0
IC2503,,13:44:34.800#,4752.6,4760.2,4702.8,5248.4,4294.4,2724,2711,4702.8,1,4705.0,2,4707.0,1,4707.8,1,4708.2,1,4710.2,1,4710.4,1,4710.6,1,4710.8,1,4712.0,1,4709.0
IC2503,,13:44:35.300#,4752.6,4760.2,4702.8,5248.4,4294.4,2724,2711,4702.8,1,4705.0,2,4707.0,1,4707.8,1,4708.2,1,4709.6,1,4709.8,1,4710.0,3,4710.2,1,4710.8,1,4709.0
IC2503,,13:44:35.800#,4752.6,4760.2,4702.8,5248.4,4294.4,2724,2711,4702.8,1,4705.0,2,4707.0,1,4707.8,1,4708.2,1,4709.6,1,4709.8,1,4710.0,2,4710.2,1,4710.8,1,4709.0
IC2503,,13:44:36.300#,4752.6,4760.2,4702.8,5248.4,4294.4,2724,2711,4702.8,1,4705.0,2,4707.0,1,4707.8,1,4708.2,1,4709.6,1,4710.0,2,4710.2,1,4710.8,1,4712.0,1,4709.0
IC2503,,13:44:42.800#,4752.6,4760.2,4702.8,5248.4,4294.4,2724,2711,4705.0,2,4707.0,1,4707.8,1,4708.2,1,4708.8,1,4709.6,1,4710.0,2,4710.2,1,4710.8,1,4712.0,1,4709.0
IC2503,,13:44:43.300#,4752.6,4760.2,4702.8,5248.4,4294.4,2724,2711,4705.0,2,4707.0,1,4707.8,1,4708.2,1,4708.8,1,4710.0,2,4710.2,1,4710.8,1,4712.0,1,4714.0,1,4709.0
IC2503,,13:44:43.800#,4752.6,4760.2,4702.8,5248.4,4294.4,2725,2712,4702.8,1,4705.0,2,4707.0,1,4707.8,1,4708.2,1,4709.8,1,4710.0,2,4710.2,1,4710.8,1,4712.0,1,4708.8
IC2503,,13:44:45.800#,4752.6,4760.2,4702.8,5248.4,4294.4,2725,2712,4705.0,2,4707.0,1,4707.8,1,4708.2,1,4708.8,1,4709.8,1,4710.0,2,4710.2,1,4710.8,1,4712.0,1,4708.8
IC2503,,13:44:46.800#,4752.6,4760.2,4702.8,5248.4,4294.4,2726,2713,4702.8,1,4705.0,2,4707.0,1,4707.8,1,4708.2,1,4709.8,1,4710.0,2,4710.2,1,4710.8,1,4712.0,1,4708.8
IC2503,,13:44:51.800#,4752.6,4760.2,4702.8,5248.4,4294.4,2726,2713,4702.8,1,4705.0,2,4707.0,1,4707.8,1,4708.2,1,4709.8,2,4710.0,2,4710.2,1,4710.8,1,4712.0,1,4708.8
IC2503,,13:44:52.300#,4752.6,4760.2,4702.8,5248.4,4294.4,2726,2713,4705.0,2,4707.0,1,4707.8,1,4708.2,1,4708.4,3,4709.8,2,4710.0,2,4710.2,1,4710.8,1,4712.0,1,4708.8
IC2503,,13:44:54.300#,4752.6,4760.2,4702.8,5248.4,4294.4,2727,2714,4705.0,2,4707.8,1,4708.4,3,4708.6,2,4708.8,1,4709.8,1,4710.8,1,4712.0,1,4714.0,1,4722.8,6,4709.8
IC2503,,13:44:54.800#,4752.6,4760.2,4702.8,5248.4,4294.4,2728,2715,4705.0,2,4707.8,1,4708.4,2,4708.8,1,4709.0,2,4712.0,1,4714.0,1,4722.8,6,4723.6,5,4724.2,1,4709.8
IC2503,,13:44:55.300#,4752.6,4760.2,4702.8,5248.4,4294.4,2728,2715,4705.0,2,4707.8,1,4708.4,2,4709.0,3,4709.2,2,4711.2,1,4711.6,2,4712.0,1,4714.0,1,4722.8,6,4709.8
IC2503,,13:44:55.800#,4752.6,4760.2,4702.8,5248.4,4294.4,2728,2715,4707.8,1,4708.4,2,4709.0,1,4709.2,2,4709.4,1,4710.8,1,4711.0,1,4711.2,1,4711.6,1,4711.8,1,4709.8
IC2503,,13:44:56.300#,4752.6,4760.2,4702.8,5248.4,4294.4,2728,2715,4705.0,2,4707.8,1,4708.4,2,4709.2,2,4709.4,3,4710.8,1,4711.0,1,4711.2,1,4711.8,1,4712.0,1,4709.8
IC2503,,13:44:56.800#,4752.6,4760.2,4702.8,5248.4,4294.4,2728,2715,4705.0,2,4707.8,1,4708.4,2,4709.2,2,4709.4,3,4711.0,1,4711.2,1,4711.8,1,4712.0,1,4714.0,1,4709.8
IC2503,,13:44:57.300#,4752.6,4760.2,4702.8,5248.4,4294.4,2728,2715,4705.0,2,4707.8,1,4708.4,2,4709.2,2,4709.4,2,4711.0,1,4711.2,1,4711.8,1,4712.0,1,4714.0,1,4709.8
IC2503,,13:44:59.300#,4752.6,4760.2,4702.8,5248.4,4294.4,2728,2715,4705.0,2,4707.8,1,4708.4,2,4709.2,2,4709.4,2,4711.0,2,4711.2,1,4711.8,1,4712.0,1,4714.0,1,4709.8
IC2503,,13:44:59.800#,4752.6,4760.2,4702.8,5248.4,4294.4,2728,2715,4705.0,2,4707.8,1,4708.4,2,4709.2,2,4709.4,2,4711.0,1,4711.2,1,4711.8,1,4712.0,1,4714.0,1,4709.8
IC2503,,13:45:00.800#,4752.6,4760.2,4702.8,5248.4,4294.4,2728,2715,4705.0,2,4707.8,1,4708.4,2,4709.2,2,4709.4,2,4711.0,2,4711.2,1,4711.8,1,4712.0,1,4714.0,1,4709.8
IC2503,,13:45:01.300#,4752.6,4760.2,4702.8,5248.4,4294.4,2729,2716,4705.0,2,4707.8,1,4708.4,2,4709.2,2,4709.4,1,4711.0,2,4711.2,1,4711.8,1,4712.0,1,4714.0,1,4709.4
IC2503,,13:45:02.800#,4752.6,4760.2,4702.8,5248.4,4294.4,2729,2716,4705.0,2,4707.8,1,4708.4,2,4709.2,2,4709.4,1,4710.8,1,4711.0,2,4711.2,1,4711.8,1,4712.0,1,4709.4
IC2503,,13:45:04.300#,4752.6,4760.2,4702.8,5248.4,4294.4,2729,2716,4705.0,2,4707.8,1,4708.4,2,4709.2,2,4709.4,1,4710.8,2,4711.0,1,4711.2,1,4711.8,1,4712.0,1,4709.4
IC2503,,13:45:05.300#,4752.6,4760.2,4702.8,5248.4,4294.4,2729,2716,4702.4,1,4702.8,1,4705.0,2,4707.8,1,4709.4,1,4710.6,2,4710.8,2,4711.0,1,4711.8,1,4712.0,1,4709.4
IC2503,,13:45:05.800#,4752.6,4760.2,4702.8,5248.4,4294.4,2730,2717,4701.2,1,4702.4,1,4702.8,1,4705.0,2,4707.8,1,4710.2,1,4710.4,2,4710.6,1,4710.8,1,4711.0,1,4709.4
IC2503,,13:45:06.300#,4752.6,4760.2,4702.8,5248.4,4294.4,2730,2717,4702.8,1,4705.0,2,4707.8,1,4708.0,3,4708.2,1,4710.0,1,4710.2,1,4710.4,1,4710.6,1,4710.8,1,4709.4
IC2503,,13:45:06.800#,4752.6,4760.2,4702.8,5248.4,4294.4,2730,2717,4705.0,2,4707.8,1,4708.0,1,4708.2,1,4708.4,1,4710.0,1,4710.2,1,4710.4,1,4710.6,1,4710.8,1,4709.4
IC2503,,13:45:08.300#,4752.6,4760.2,4702.8,5248.4,4294.4,2731,2718,4705.0,2,4707.8,1,4708.0,1,4708.2,1,4708.4,1,4710.2,1,4710.4,1,4710.6,1,4710.8,1,4711.0,1,4710.0
IC2503,,13:45:08.800#,4752.6,4760.2,4702.8,5248.4,4294.4,2731,2718,4705.0,2,4707.8,1,4708.0,1,4708.2,1,4708.4,1,4710.0,1,4710.2,1,4710.4,1,4710.6,1,4710.8,1,4710.0
IC2503,,13:45:09.300#,4752.6,4760.2,4702.8,5248.4,4294.4,2731,2718,4705.0,2,4707.8,1,4708.0,1,4708.2,1,4708.4,1,4710.0,2,4710.2,1,4710.4,1,4710.6,1,4711.0,1,4710.0
IC2503,,13:45:09.800#,4752.6,4760.2,4702.8,5248.4,4294.4,2731,2718,4705.0,2,4707.8,1,4708.0,1,4708.2,1,4708.4,1,4709.8,1,4710.0,2,4710.4,1,4710.6,1,4711.0,1,4710.0
IC2503,,13:45:10.300#,4752.6,4760.2,4702.8,5248.4,4294.4,2732,2719,4705.0,2,4707.8,1,4708.0,1,4708.2,1,4708.4,1,4710.0,1,4710.4,1,4710.6,1,4711.0,1,4711.8,1,4709.8
IC2503,,13:45:10.800#,4752.6,4760.2,4702.8,5248.4,4294.4,2732,2719,4707.8,1,4708.0,1,4708.2,1,4708.4,1,4708.6,1,4710.0,1,4710.4,1,4710.6,1,4711.0,1,4711.8,1,4709.8
IC2503,,13:45:11.800#,4752.6,4760.2,4702.8,5248.4,4294.4,2732,2719,4707.8,1,4708.0,1,4708.2,1,4708.4,1,4708.6,1,4710.0,1,4710.4,1,4711.0,1,4711.8,1,4712.0,1,4709.8
IC2503,,13:45:13.300#,4752.6,4760.2,4702.8,5248.4,4294.4,2732,2719,4707.8,1,4708.0,1,4708.2,1,4708.4,1,4708.6,1,4709.8,1,4710.0,1,4710.4,1,4711.0,1,4711.8,1,4709.8
IC2503,,13:45:13.800#,4752.6,4760.2,4702.8,5248.4,4294.4,2732,2719,4702.4,1,4702.8,1,4705.0,2,4707.8,1,4708.0,1,4709.8,1,4710.0,1,4710.4,1,4711.0,1,4711.8,1,4709.8
IC2503,,13:45:14.300#,4752.6,4760.2,4702.8,5248.4,4294.4,2732,2719,4701.2,1,4702.4,1,4702.8,1,4705.0,2,4707.8,1,4709.6,3,4709.8,2,4711.0,1,4711.8,1,4712.0,1,4709.8
IC2503,,13:45:14.800#,4752.6,4760.2,4702.8,5248.4,4294.4,2732,2719,4701.2,1,4702.4,1,4702.8,1,4705.0,2,4707.8,1,4709.4,2,4709.6,2,4709.8,1,4711.0,1,4711.8,1,4709.8
IC2503,,13:45:15.300#,4752.6,4760.2,4702.8,5248.4,4294.4,2732,2719,4701.2,1,4702.4,1,4702.8,1,4705.0,2,4707.8,1,4709.2,2,4709.4,2,4709.8,1,4711.0,1,4711.8,1,4709.8
IC2503,,13:45:15.800#,4752.6,4760.2,4702.8,5248.4,4294.4,2732,2719,4701.2,1,4702.4,1,4702.8,1,4705.0,2,4707.8,1,4709.2,3,4709.4,2,4709.8,1,4711.0,1,4711.8,1,4709.8
IC2503,,13:45:17.300#,4752.6,4760.2,4702.8,5248.4,4294.4,2733,2720,4700.0,6,4701.2,1,4702.4,1,4702.8,1,4705.0,2,4709.2,3,4709.4,2,4709.8,1,4711.0,1,4711.8,1,4707.8
IC2503,,13:45:17.800#,4752.6,4760.2,4702.8,5248.4,4294.4,2733,2720,4702.8,1,4705.2,5,4705.4,1,4707.0,1,4707.6,1,4709.0,1,4709.2,2,4709.4,2,4709.8,1,4711.0,1,4707.8
IC2503,,13:45:18.300#,4752.6,4760.2,4702.8,5248.4,4294.4,2733,2720,4702.4,1,4702.8,1,4705.2,4,4705.4,1,4707.0,1,4708.8,2,4709.0,1,4709.2,1,4709.4,1,4709.8,1,4707.8
IC2503,,13:45:18.800#,4752.6,4760.2,4702.8,5248.4,4294.4,2734,2721,4702.8,1,4705.2,4,4705.4,1,4707.0,1,4707.2,1,4708.6,1,4708.8,2,4709.0,1,4709.2,1,4709.4,1,4708.6
IC2503,,13:45:19.300#,4752.6,4760.2,4702.8,5248.4,4294.4,2734,2721,4702.8,1,4705.2,4,4705.4,1,4707.0,1,4707.2,1,4708.6,2,4708.8,1,4709.0,1,4709.2,1,4709.4,1,4708.6
IC2503,,13:45:19.800#,4752.6,4760.2,4702.8,5248.4,4294.4,2734,2721,4704.2,2,4705.2,4,4705.4,1,4707.0,1,4707.2,1,4708.6,2,4708.8,1,4709.0,1,4709.2,1,4709.4,1,4708.6
IC2503,,13:45:20.300#,4752.6,4760.2,4702.8,5248.4,4294.4,2734,2721,4702.8,1,4704.2,2,4705.2,4,4705.4,1,4707.0,1,4708.6,2,4708.8,1,4709.0,1,4709.2,1,4709.4,1,4708.6
IC2503,,13:45:20.800#,4752.6,4760.2,4702.8,5248.4,4294.4,2734,2721,4704.2,2,4705.2,4,4705.4,1,4707.0,1,4707.2,1,4708.6,2,4708.8,1,4709.0,1,4709.2,1,4709.4,1,4708.6
IC2503,,13:45:21.300#,4752.6,4760.2,4702.8,5248.4,4294.4,2734,2721,4705.2,4,4705.4,1,4707.0,1,4707.2,1,4707.4,1,4708.6,2,4708.8,1,4709.0,1,4709.2,1,4709.4,1,4708.6
IC2503,,13:45:27.800#,4752.6,4760.2,4702.8,5248.4,4294.4,2734,2721,4705.2,4,4705.4,1,4707.0,1,4707.2,1,4707.4,1,4708.6,3,4708.8,1,4709.0,1,4709.2,1,4709.4,1,4708.6
IC2503,,13:45:28.300#,4752.6,4760.2,4702.8,5248.4,4294.4,2734,2721,4704.2,2,4705.2,4,4705.4,1,4707.0,1,4707.2,1,4708.6,3,4708.8,1,4709.0,1,4709.2,1,4709.4,1,4708.6
IC2503,,13:45:32.300#,4752.6,4760.2,4702.8,5248.4,4294.4,2734,2721,4704.2,2,4705.2,4,4705.4,1,4707.0,1,4707.2,1,4708.6,4,4708.8,1,4709.0,1,4709.2,1,4709.4,1,4708.6
IC2503,,13:45:35.300#,4752.6,4760.2,4702.8,5248.4,4294.4,2734,2721,4702.8,1,4705.2,4,4705.4,1,4707.0,1,4707.2,1,4708.6,4,4708.8,1,4709.0,1,4709.2,1,4709.4,1,4708.6
IC2503,,13:45:40.800#,4752.6,4760.2,4702.8,5248.4,4294.4,2735,2722,4702.4,1,4702.8,1,4705.2,4,4705.4,1,4707.0,1,4708.6,4,4708.8,1,4709.0,1,4709.2,1,4709.4,1,4707.2
IC2503,,13:45:41.300#,4752.6,4760.2,4702.8,5248.4,4294.4,2735,2722,4702.8,1,4705.2,4,4705.4,1,4707.0,1,4707.2,1,4708.6,4,4708.8,1,4709.0,1,4709.2,1,4709.4,1,4707.2
IC2503,,13:45:46.300#,4752.6,4760.2,4702.8,5248.4,4294.4,2735,2722,4702.8,1,4705.2,4,4705.4,1,4707.0,1,4707.2,1,4708.4,1,4708.6,4,4708.8,1,4709.0,1,4709.2,1,4707.2
IC2503,,13:45:46.800#,4752.6,4760.2,4702.8,5248.4,4294.4,2736,2723,4701.2,1,4702.4,1,4702.8,1,4705.2,4,4705.4,1,4707.2,1,4708.6,4,4708.8,1,4709.0,1,4709.2,1,4708.4
IC2503,,13:45:47.300#,4752.6,4760.2,4702.8,5248.4,4294.4,2736,2723,4705.2,3,4705.4,1,4705.6,5,4705.8,1,4706.2,1,4707.2,2,4708.6,3,4708.8,1,4709.0,1,4709.2,1,4708.4
IC2503,,13:45:47.800#,4752.6,4760.2,4702.8,5248.4,4294.4,2736,2723,4705.4,1,4705.6,4,4705.8,1,4706.2,1,4706.4,1,4707.2,2,4708.6,4,4708.8,1,4709.0,1,4709.2,1,4708.4
IC2503,,13:45:49.300#,4752.6,4760.2,4702.8,5248.4,4294.4,2736,2723,4705.4,1,4705.6,3,4705.8,1,4706.2,1,4706.4,1,4707.2,2,4708.6,3,4708.8,1,4709.0,1,4709.2,1,4708.4
IC2503,,13:45:49.800#,4752.6,4760.2,4702.8,5248.4,4294.4,2736,2723,4705.4,1,4705.6,3,4705.8,1,4706.2,1,4706.4,1,4707.2,3,4708.2,1,4708.6,2,4708.8,1,4709.0,1,4708.4
IC2503,,13:45:51.300#,4752.6,4760.2,4702.8,5248.4,4294.4,2736,2723,4705.4,1,4705.6,3,4705.8,1,4706.2,1,4706.4,1,4707.2,3,4708.6,2,4708.8,1,4709.0,1,4709.2,1,4708.4
IC2503,,13:45:53.800#,4752.6,4760.2,4702.8,5248.4,4294.4,2737,2724,4705.4,1,4705.6,3,4705.8,1,4706.2,1,4706.4,1,4707.2,2,4708.6,2,4708.8,1,4709.0,1,4709.2,1,4707.2
IC2503,,13:45:54.800#,4752.6,4760.2,4702.8,5248.4,4294.4,2738,2725,4705.4,1,4705.6,3,4705.8,1,4706.2,1,4706.4,1,4707.2,1,4708.6,2,4708.8,1,4709.0,1,4709.2,1,4707.2
IC2503,,13:45:56.300#,4752.6,4760.2,4702.8,5248.4,4294.4,2739,2726,4705.6,3,4705.8,1,4706.4,1,4706.6,1,4707.2,1,4708.6,2,4708.8,1,4709.0,1,4709.2,1,4711.0,1,4707.2
IC2503,,13:45:56.800#,4752.6,4760.2,4702.8,5248.4,4294.4,2739,2726,4705.4,1,4705.6,3,4705.8,1,4706.6,1,4707.2,1,4708.4,2,4708.6,2,4709.0,1,4709.2,1,4711.0,1,4707.2
IC2503,,13:45:57.300#,4752.6,4760.2,4702.8,5248.4,4294.4,2739,2726,4705.2,3,4705.6,3,4705.8,1,4706.6,1,4707.2,1,4708.2,1,4708.4,2,4708.6,2,4709.0,1,4709.2,1,4707.2
IC2503,,13:45:57.800#,4752.6,4760.2,4702.8,5248.4,4294.4,2739,2726,4704.0,1,4705.2,3,4705.6,3,4705.8,1,4707.2,1,4708.4,1,4708.6,2,4709.0,1,4709.2,1,4711.0,1,4707.2
IC2503,,13:45:58.300#,4752.6,4760.2,4702.8,5248.4,4294.4,2739,2726,4705.2,3,4705.6,3,4705.8,1,4707.2,1,4707.4,1,4708.2,1,4708.4,1,4708.6,2,4709.0,1,4709.2,1,4707.2
IC2503,,13:45:59.300#,4752.6,4760.2,4702.8,5248.4,4294.4,2739,2726,4705.2,3,4705.6,3,4705.8,1,4707.2,1,4707.4,1,4708.2,1,4708.6,1,4709.0,1,4709.2,1,4711.0,1,4707.2
IC2503,,13:45:59.800#,4752.6,4760.2,4702.8,5248.4,4294.4,2740,2727,4705.2,3,4705.6,3,4705.8,1,4707.2,1,4707.4,1,4708.6,1,4709.0,1,4709.2,1,4711.0,1,4711.8,1,4708.2
IC2503,,13:46:00.300#,4752.6,4760.2,4702.8,5248.4,4294.4,2741,2728,4705.8,1,4707.2,1,4707.6,1,4707.8,1,4708.0,1,4709.2,1,4711.0,1,4711.8,1,4712.0,1,4714.0,1,4708.6
IC2503,,13:46:00.800#,4752.6,4760.2,4702.8,5248.4,4294.4,2742,2729,4707.2,1,4707.8,1,4708.0,1,4708.2,2,4708.4,1,4709.0,1,4709.2,1,4711.8,1,4712.0,1,4714.0,1,4708.4
IC2503,,13:46:01.300#,4752.6,4760.2,4702.8,5248.4,4294.4,2742,2729,4705.6,2,4705.8,1,4708.0,1,4708.2,2,4708.4,1,4709.0,1,4709.2,1,4711.8,1,4712.0,1,4714.0,1,4708.4
IC2503,,13:46:01.800#,4752.6,4760.2,4702.8,5248.4,4294.4,2742,2729,4704.0,1,4705.2,3,4705.6,2,4705.8,1,4708.0,1,4709.2,1,4711.8,1,4712.0,1,4714.0,1,4722.8,6,4708.4
IC2503,,13:46:02.300#,4752.6,4760.2,4702.8,5248.4,4294.4,2743,2730,4705.2,3,4705.6,2,4705.8,1,4708.0,1,4708.2,1,4711.8,1,4712.0,1,4714.0,1,4722.8,6,4723.6,5,4709.2
IC2503,,13:46:02.800#,4752.6,4760.2,4702.8,5248.4,4294.4,2743,2730,4704.0,1,4705.2,3,4705.6,2,4705.8,1,4708.2,1,4709.6,1,4709.8,1,4711.4,2,4711.6,1,4711.8,1,4709.2
IC2503,,13:46:03.300#,4752.6,4760.2,4702.8,5248.4,4294.4,2743,2730,4702.8,1,4705.2,3,4705.6,2,4705.8,1,4708.2,1,4709.4,1,4709.6,1,4709.8,1,4711.4,1,4711.6,1,4709.2
IC2503,,13:46:03.800#,4752.6,4760.2,4702.8,5248.4,4294.4,2743,2730,4702.8,1,4705.2,3,4705.6,2,4705.8,1,4708.2,1,4709.4,1,4709.6,1,4709.8,1,4711.8,1,4712.0,1,4709.2
IC2503,,13:46:04.800#,4752.6,4760.2,4702.8,5248.4,4294.4,2743,2730,4702.4,1,4702.8,1,4705.2,3,4705.6,2,4705.8,1,4709.2,1,4709.4,1,4709.6,1,4709.8,1,4711.8,1,4709.2
IC2503,,13:46:05.300#,4752.6,4760.2,4702.8,5248.4,4294.4,2743,2730,4706.0,1,4706.2,2,4706.8,1,4707.4,1,4707.6,1,4708.8,1,4709.0,1,4709.2,1,4709.4,1,4709.6,1,4709.2
IC2503,,13:46:05.800#,4752.6,4760.2,4702.8,5248.4,4294.4,2743,2730,4706.2,2,4706.8,1,4707.4,1,4707.6,1,4708.8,1,4709.4,1,4709.6,1,4709.8,1,4711.8,1,4712.0,1,4709.2
IC2503,,13:46:06.300#,4752.6,4760.2,4702.8,5248.4,4294.4,2744,2731,4705.8,1,4706.2,1,4706.8,1,4707.4,1,4707.6,1,4708.6,2,4709.2,2,4709.4,1,4709.6,1,4709.8,1,4708.8
IC2503,,13:46:06.800#,4752.6,4760.2,4702.8,5248.4,4294.4,2744,2731,4705.8,1,4706.2,1,4706.8,1,4707.4,1,4707.6,1,4708.6,2,4709.2,1,4709.4,1,4709.6,1,4709.8,1,4708.8
IC2503,,13:46:07.300#,4752.6,4760.2,4702.8,5248.4,4294.4,2744,2731,4705.8,1,4706.2,1,4706.8,1,4707.4,1,4707.6,1,4708.6,2,4709.4,1,4709.6,1,4709.8,1,4711.8,1,4708.8
IC2503,,13:46:07.800#,4752.6,4760.2,4702.8,5248.4,4294.4,2744,2731,4705.8,1,4706.2,1,4706.8,1,4707.4,1,4707.6,1,4709.4,1,4709.6,1,4709.8,1,4711.8,1,4712.0,1,4708.8
IC2503,,13:46:08.300#,4752.6,4760.2,4702.8,5248.4,4294.4,2745,2732,4702.4,1,4702.8,1,4705.2,3,4705.8,1,4706.2,1,4707.4,1,4709.0,3,4709.2,2,4709.4,1,4709.6,1,4707.6
IC2503,,13:46:08.800#,4752.6,4760.2,4702.8,5248.4,4294.4,2746,2733,4702.8,1,4705.2,3,4705.8,1,4706.2,1,4706.4,1,4709.0,3,4709.2,1,4709.4,1,4709.6,1,4709.8,1,4707.4
IC2503,,13:46:09.300#,4752.6,4760.2,4702.8,5248.4,4294.4,2746,2733,4702.4,1,4702.8,1,4705.2,3,4705.8,1,4706.4,1,4707.8,1,4708.6,1,4708.8,1,4709.0,3,4709.4,1,4707.4
IC2503,,13:46:09.800#,4752.6,4760.2,4702.8,5248.4,4294.4,2746,2733,4702.4,1,4702.8,1,4705.2,2,4705.8,1,4706.4,1,4707.6,3,4707.8,1,4708.6,1,4708.8,1,4709.0,1,4707.4
IC2503,,13:46:10.300#,4752.6,4760.2,4702.8,5248.4,4294.4,2746,2733,4702.4,1,4702.8,1,4705.2,2,4705.8,1,4706.4,1,4707.6,2,4707.8,1,4708.6,1,4708.8,1,4709.0,1,4707.4
IC2503,,13:46:10.800#,4752.6,4760.2,4702.8,5248.4,4294.4,2746,2733,4702.4,1,4702.8,1,4705.2,2,4705.8,1,4706.4,1,4707.4,1,4707.6,2,4707.8,1,4708.6,1,4708.8,1,4707.4
IC2503,,13:46:13.300#,4752.6,4760.2,4702.8,5248.4,4294.4,2746,2733,4702.4,1,4702.8,1,4705.2,2,4705.8,1,4706.4,1,4707.6,2,4707.8,1,4708.6,1,4708.8,1,4709.0,1,4707.4
IC2503,,13:46:17.800#,4752.6,4760.2,4702.8,5248.4,4294.4,2747,2734,4701.2,1,4702.4,1,4702.8,1,4705.2,2,4705.8,1,4707.6,2,4707.8,1,4708.6,1,4708.8,1,4709.0,1,4706.4
IC2503,,13:46:18.300#,4752.6,4760.2,4702.8,5248.4,4294.4,2747,2734,4702.4,1,4702.8,1,4705.2,2,4705.8,1,4706.0,2,4707.4,1,4707.6,2,4707.8,1,4708.6,1,4708.8,1,4706.4
IC2503,,13:46:19.300#,4752.6,4760.2,4702.8,5248.4,4294.4,2747,2734,4702.4,1,4702.8,1,4705.2,2,4705.8,1,4706.0,1,4707.4,1,4707.6,2,4707.8,1,4708.6,1,4708.8,1,4706.4
IC2503,,13:46:19.800#,4752.6,4760.2,4702.8,5248.4,4294.4,2747,2734,4701.2,1,4702.4,1,4702.8,1,4705.2,2,4706.0,1,4707.2,1,4707.4,1,4707.6,2,4707.8,1,4708.6,1,4706.4
IC2503,,13:46:20.300#,4752.6,4760.2,4702.8,5248.4,4294.4,2748,2735,4701.2,1,4702.4,1,4702.8,1,4705.2,2,4706.0,1,4707.4,1,4707.6,2,4707.8,1,4708.6,1,4708.8,1,4707.2
IC2503,,13:46:22.300#,4752.6,4760.2,4702.8,5248.4,4294.4,2748,2735,4702.4,1,4702.8,1,4705.2,2,4706.0,1,4706.2,1,4707.4,1,4707.6,2,4707.8,1,4708.6,1,4708.8,1,4707.2
IC2503,,13:46:22.800#,4752.6,4760.2,4702.8,5248.4,4294.4,2748,2735,4701.2,1,4702.4,1,4702.8,1,4705.2,2,4706.2,1,4707.4,1,4707.6,2,4707.8,1,4708.6,1,4708.8,1,4707.2
IC2503,,13:46:24.800#,4752.6,4760.2,4702.8,5248.4,4294.4,2748,2735,4700.0,6,4701.2,1,4702.4,1,4702.8,1,4705.2,2,4707.4,1,4707.6,2,4707.8,1,4708.6,1,4708.8,1,4707.2
IC2503,,13:46:25.300#,4752.6,4760.2,4702.8,5248.4,4294.4,2748,2735,4702.4,1,4702.8,1,4705.2,2,4705.4,3,4705.6,1,4706.8,1,4707.2,1,4707.4,1,4707.6,2,4707.8,1,4707.2
IC2503,,13:46:25.800#,4752.6,4760.2,4702.8,5248.4,4294.4,2749,2736,4701.2,1,4702.4,1,4702.8,1,4705.4,2,4705.6,1,4707.2,1,4707.4,1,4707.6,2,4707.8,1,4709.0,1,4706.8
IC2503,,13:46:26.300#,4752.6,4760.2,4702.8,5248.4,4294.4,2749,2736,4701.2,1,4702.4,1,4702.8,1,4705.4,2,4705.6,1,4707.0,2,4707.2,1,4707.6,2,4707.8,1,4709.0,1,4706.8
IC2503,,13:46:26.800#,4752.6,4760.2,4702.8,5248.4,4294.4,2750,2737,4701.2,1,4702.4,1,4702.8,1,4705.4,2,4705.6,1,4707.0,1,4707.2,1,4707.6,2,4707.8,1,4709.0,1,4707.0
IC2503,,13:46:28.800#,4752.6,4760.2,4702.8,5248.4,4294.4,2750,2737,4702.4,1,4702.8,1,4704.8,1,4705.4,2,4705.6,1,4707.0,1,4707.2,1,4707.6,2,4707.8,1,4709.0,1,4707.0
IC2503,,13:46:32.300#,4752.6,4760.2,4702.8,5248.4,4294.4,2750,2737,4702.4,1,4702.8,1,4704.8,1,4705.4,1,4705.6,1,4707.0,2,4707.2,1,4707.6,2,4707.8,1,4709.0,1,4707.0
IC2503,,13:46:32.800#,4752.6,4760.2,4702.8,5248.4,4294.4,2750,2737,4701.2,1,4702.4,1,4702.8,1,4704.8,1,4705.6,1,4707.0,2,4707.2,1,4707.6,2,4707.8,1,4709.0,1,4707.0
IC2503,,13:46:33.300#,4752.6,4760.2,4702.8,5248.4,4294.4,2750,2737,4701.2,1,4702.4,1,4702.8,1,4704.8,1,4705.6,1,4706.8,1,4707.0,2,4707.2,1,4707.6,2,4707.8,1,4707.0
IC2503,,13:46:35.800#,4752.6,4760.2,4702.8,5248.4,4294.4,2750,2737,4701.2,1,4702.4,1,4702.8,1,4704.8,1,4705.6,1,4706.6,1,4706.8,1,4707.0,2,4707.2,1,4707.6,2,4707.0
IC2503,,13:46:36.300#,4752.6,4760.2,4702.8,5248.4,4294.4,2751,2738,4700.0,6,4701.2,1,4702.4,1,4702.8,1,4704.8,1,4706.6,1,4706.8,1,4707.0,2,4707.2,1,4707.6,2,4705.6
IC2503,,13:46:36.800#,4752.6,4760.2,4702.8,5248.4,4294.4,2751,2738,4700.0,6,4701.2,1,4702.4,1,4702.8,1,4705.0,1,4706.2,1,4706.4,1,4706.6,1,4706.8,1,4707.0,2,4705.6
IC2503,,13:46:37.300#,4752.6,4760.2,4702.8,5248.4,4294.4,2752,2739,4701.2,1,4702.4,1,4702.8,1,4703.6,1,4705.0,1,4706.4,1,4706.8,1,4707.0,2,4707.2,1,4707.6,2,4706.2
IC2503,,13:46:37.800#,4752.6,4760.2,4702.8,5248.4,4294.4,2752,2739,4701.2,1,4702.4,1,4702.8,1,4703.6,1,4705.0,1,4706.4,2,4706.8,1,4707.0,2,4707.2,1,4707.6,2,4706.2
IC2503,,13:46:38.300#,4752.6,4760.2,4702.8,5248.4,4294.4,2752,2739,4702.4,1,4702.8,1,4703.6,1,4705.0,1,4705.2,1,4706.4,2,4706.8,1,4707.0,2,4707.2,1,4707.6,2,4706.2
IC2503,,13:46:38.800#,4752.6,4760.2,4702.8,5248.4,4294.4,2752,2739,4702.4,1,4702.8,1,4703.6,1,4705.0,1,4705.2,1,4706.4,1,4706.8,1,4707.0,2,4707.2,1,4707.6,2,4706.2
IC2503,,13:46:39.300#,4752.6,4760.2,4702.8,5248.4,4294.4,2752,2739,4702.8,1,4703.6,1,4705.0,1,4705.2,1,4705.4,1,4706.4,1,4706.8,1,4707.0,2,4707.2,1,4707.6,2,4706.2
IC2503,,13:46:39.800#,4752.6,4760.2,4702.8,5248.4,4294.4,2753,2740,4701.2,1,4702.4,1,4702.8,1,4703.6,1,4705.0,1,4706.4,2,4706.8,1,4707.0,2,4707.2,1,4707.6,2,4705.2
IC2503,,13:46:40.300#,4752.6,4760.2,4702.8,5248.4,4294.4,2753,2740,4702.4,1,4702.8,1,4703.6,1,4705.0,1,4705.2,1,4706.4,2,4707.0,2,4707.2,1,4707.6,2,4707.8,1,4705.2
IC2503,,13:46:46.300#,4752.6,4760.2,4702.8,5248.4,4294.4,2753,2740,4702.4,1,4702.8,1,4703.6,1,4705.0,1,4705.2,1,4706.4,3,4707.0,2,4707.2,1,4707.6,2,4707.8,1,4705.2
IC2503,,13:46:46.800#,4752.6,4760.2,4702.8,5248.4,4294.4,2753,2740,4701.2,1,4702.4,1,4702.8,1,4703.6,1,4705.0,1,4706.4,3,4707.0,2,4707.2,1,4707.6,2,4707.8,1,4705.2
IC2503,,13:46:51.800#,4752.6,4760.2,4702.8,5248.4,4294.4,2753,2740,4701.2,1,4702.4,1,4702.8,1,4703.6,1,4705.0,1,4706.2,1,4706.4,3,4707.0,2,4707.2,1,4707.6,2,4705.2
IC2503,,13:46:52.300#,4752.6,4760.2,4702.8,5248.4,4294.4,2753,2740,4700.0,1,4701.2,1,4702.4,1,4702.8,1,4703.6,1,4706.2,1,4706.4,3,4707.0,2,4707.2,1,4707.6,2,4705.2
IC2503,,13:46:52.800#,4752.6,4760.2,4702.8,5248.4,4294.4,2753,2740,4702.8,1,4703.6,1,4703.8,3,4704.0,2,4704.6,1,4706.0,2,4706.2,1,4706.4,3,4707.0,2,4707.2,1,4705.2
IC2503,,13:46:53.300#,4752.6,4760.2,4702.8,5248.4,4294.4,2753,2740,4703.6,1,4703.8,1,4704.0,2,4704.6,1,4704.8,1,4706.0,1,4706.2,1,4706.4,2,4707.0,2,4707.2,1,4705.2
IC2503,,13:46:53.800#,4752.6,4760.2,4702.8,5248.4,4294.4,2753,2740,4702.8,1,4703.6,1,4703.8,1,4704.0,1,4704.6,1,4706.0,1,4706.2,1,4706.4,2,4707.0,2,4707.2,1,4705.2
IC2503,,13:46:56.800#,4752.6,4760.2,4702.8,5248.4,4294.4,2753,2740,4702.8,1,4703.6,1,4703.8,1,4704.0,1,4704.6,1,4705.8,1,4706.0,1,4706.2,1,4706.4,2,4707.0,2,4705.2
IC2503,,13:46:57.300#,4752.6,4760.2,4702.8,5248.4,4294.4,2753,2740,4703.6,1,4703.8,1,4704.0,1,4704.6,1,4705.8,1,4706.0,1,4706.2,1,4706.4,2,4707.0,2,4707.2,1,4705.2
IC2503,,13:46:57.800#,4752.6,4760.2,4702.8,5248.4,4294.4,2754,2741,4702.8,1,4703.6,1,4703.8,1,4704.0,1,4704.6,1,4706.0,1,4706.4,2,4707.0,2,4707.2,1,4707.6,2,4705.8
IC2503,,13:46:58.300#,4752.6,4760.2,4702.8,5248.4,4294.4,2754,2741,4702.8,1,4703.6,1,4703.8,1,4704.6,1,4704.8,2,4706.0,1,4706.4,2,4707.0,2,4707.2,1,4707.6,2,4705.8
IC2503,,13:46:59.300#,4752.6,4760.2,4702.8,5248.4,4294.4,2754,2741,4702.8,1,4703.6,1,4703.8,1,4704.6,1,4704.8,1,4706.0,1,4706.4,2,4707.0,2,4707.2,1,4707.6,2,4705.8
IC2503,,13:46:59.800#,4752.6,4760.2,4702.8,5248.4,4294.4,2754,2741,4700.0,1,4701.2,1,4702.8,1,4703.6,1,4703.8,1,4706.0,2,4706.4,2,4707.0,2,4707.2,1,4707.6,2,4705.8
IC2503,,13:47:00.300#,4752.6,4760.2,4702.8,5248.4,4294.4,2754,2741,4702.8,1,4703.6,1,4704.0,2,4704.2,2,4704.4,1,4705.8,2,4706.0,2,4706.4,2,4707.0,2,4707.2,1,4705.8
IC2503,,13:47:00.800#,4752.6,4760.2,4702.8,5248.4,4294.4,2755,2742,4703.6,1,4704.0,2,4704.2,1,4704.4,1,4704.6,1,4706.0,2,4706.4,2,4707.0,2,4707.2,1,4707.6,2,4705.8
IC2503,,13:47:01.300#,4752.6,4760.2,4702.8,5248.4,4294.4,2755,2742,4704.2,1,4704.4,1,4704.6,1,4704.8,1,4705.0,1,4706.0,2,4706.4,2,4707.0,2,4707.2,1,4707.6,2,4705.8
IC2503,,13:47:01.800#,4752.6,4760.2,4702.8,5248.4,4294.4,2755,2742,4704.4,1,4704.6,1,4704.8,2,4705.0,1,4705.2,1,4706.0,2,4706.4,2,4707.0,2,4707.2,1,4707.6,2,4705.8
IC2503,,13:47:02.300#,4752.6,4760.2,4702.8,5248.4,4294.4,2756,2743,4704.0,1,4704.4,1,4704.6,1,4704.8,1,4705.2,1,4706.0,1,4706.4,2,4707.0,2,4707.2,1,4707.6,2,4706.0
IC2503,,13:47:02.800#,4752.6,4760.2,4702.8,5248.4,4294.4,2757,2744,4704.0,1,4704.4,1,4704.6,1,4704.8,1,4705.2,1,4706.4,2,4707.0,2,4707.2,1,4707.6,2,4707.8,1,4706.0
IC2503,,13:47:03.300#,4752.6,4760.2,4702.8,5248.4,4294.4,2758,2745,4704.4,1,4704.8,1,4705.2,1,4705.4,1,4705.6,1,4706.4,1,4707.0,2,4707.2,1,4707.6,1,4707.8,1,4706.4
IC2503,,13:47:03.800#,4752.6,4760.2,4702.8,5248.4,4294.4,2759,2746,4704.4,1,4704.8,1,4705.2,1,4705.6,1,4705.8,1,4707.0,1,4707.2,1,4707.6,1,4707.8,1,4709.0,1,4706.4
IC2503,,13:47:04.300#,4752.6,4760.2,4702.8,5248.4,4294.4,2759,2746,4704.4,1,4704.8,1,4705.2,1,4705.8,1,4706.0,1,4707.0,1,4707.6,1,4707.8,1,4709.0,1,4709.8,1,4706.4
IC2503,,13:47:04.800#,4752.6,4760.2,4702.8,5248.4,4294.4,2760,2747,4704.8,1,4705.2,1,4706.0,1,4706.2,1,4706.4,1,4707.8,1,4709.0,1,4709.8,1,4712.0,1,4714.0,1,4707.0
IC2503,,13:47:05.300#,4752.6,4760.2,4702.8,5248.4,4294.4,2760,2747,4705.2,1,4706.0,1,4706.4,1,4706.6,2,4706.8,1,4707.6,1,4709.0,1,4709.8,1,4712.0,1,4714.0,1,4707.0
IC2503,,13:47:05.800#,4752.6,4760.2,4702.8,5248.4,4294.4,2761,2748,4704.8,1,4705.2,1,4706.0,1,4706.6,2,4706.8,1,4709.0,1,4709.8,1,4712.0,1,4714.0,1,4718.2,5,4707.6
IC2503,,13:47:06.300#,4752.6,4760.2,4702.8,5248.4,4294.4,2761,2748,4704.8,1,4705.2,1,4706.6,1,4707.0,1,4707.2,1,4708.6,1,4708.8,4,4709.0,1,4709.8,1,4712.0,1,4707.6
IC2503,,13:47:06.800#,4752.6,4760.2,4702.8,5248.4,4294.4,2761,2748,4704.4,1,4704.8,1,4705.2,1,4706.6,1,4707.2,1,4708.4,2,4708.6,1,4708.8,2,4709.0,1,4709.8,1,4707.6
IC2503,,13:47:07.300#,4752.6,4760.2,4702.8,5248.4,4294.4,2761,2748,4703.6,1,4704.4,1,4704.8,1,4705.2,1,4706.6,1,4708.4,1,4708.6,1,4708.8,2,4709.0,1,4709.8,1,4707.6
IC2503,,13:47:07.800#,4752.6,4760.2,4702.8,5248.4,4294.4,2761,2748,4704.8,1,4705.2,1,4706.6,1,4706.8,1,4707.0,3,4708.4,1,4708.6,1,4708.8,2,4709.0,1,4709.8,1,4707.6
IC2503,,13:47:08.300#,4752.6,4760.2,4702.8,5248.4,4294.4,2761,2748,4705.2,1,4706.6,1,4706.8,1,4707.0,3,4707.2,1,4708.4,1,4708.6,1,4708.8,2,4709.0,1,4709.8,1,4707.6
IC2503,,13:47:08.800#,4752.6,4760.2,4702.8,5248.4,4294.4,2761,2748,4706.6,1,4706.8,1,4707.0,1,4707.2,1,4707.4,1,4708.4,1,4708.6,1,4708.8,2,4709.8,1,4712.0,1,4707.6
IC2503,,13:47:11.800#,4752.6,4760.2,4702.8,5248.4,4294.4,2761,2748,4704.8,1,4705.2,1,4706.6,1,4706.8,1,4707.2,1,4708.2,1,4708.8,2,4709.8,1,4712.0,1,4714.0,1,4707.6
IC2503,,13:47:12.300#,4752.6,4760.2,4702.8,5248.4,4294.4,2761,2748,4704.4,1,4704.8,1,4705.2,1,4706.6,1,4706.8,1,4708.2,1,4708.8,2,4709.8,1,4712.0,1,4714.0,1,4707.6
IC2503,,13:47:12.800#,4752.6,4760.2,4702.8,5248.4,4294.4,2761,2748,4703.6,1,4704.4,1,4704.8,1,4705.2,1,4707.0,1,4708.2,1,4708.8,2,4709.8,1,4712.0,1,4714.0,1,4707.6
IC2503,,13:47:13.300#,4752.6,4760.2,4702.8,5248.4,4294.4,2761,2748,4703.6,1,4704.4,1,4704.8,1,4705.2,1,4707.0,2,4708.8,2,4709.8,1,4712.0,1,4714.0,1,4718.2,5,4707.6
IC2503,,13:47:13.800#,4752.6,4760.2,4702.8,5248.4,4294.4,2761,2748,4704.4,1,4704.8,1,4705.2,1,4707.0,2,4707.2,1,4708.6,1,4708.8,2,4709.8,1,4712.0,1,4714.0,1,4707.6
IC2503,,13:47:14.300#,4752.6,4760.2,4702.8,5248.4,4294.4,2761,2748,4704.8,1,4705.2,1,4707.2,1,4707.4,1,4707.6,2,4709.8,1,4712.0,1,4714.0,1,4718.2,5,4722.8,6,4707.6
IC2503,,13:47:14.800#,4752.6,4760.2,4702.8,5248.4,4294.4,2761,2748,4705.2,1,4707.4,1,4707.6,2,4707.8,2,4708.0,1,4709.2,1,4709.6,5,4709.8,1,4712.0,1,4714.0,1,4707.6
IC2503,,13:47:15.300#,4752.6,4760.2,4702.8,5248.4,4294.4,2761,2748,4705.2,1,4707.4,1,4707.6,2,4707.8,1,4708.0,1,4709.0,1,4709.6,4,4709.8,1,4712.0,1,4714.0,1,4707.6
IC2503,,13:47:15.800#,4752.6,4760.2,4702.8,5248.4,4294.4,2761,2748,4704.8,1,4705.2,1,4707.4,1,4707.6,2,4707.8,1,4709.0,2,4709.6,4,4709.8,1,4712.0,1,4714.0,1,4707.6
IC2503,,13:47:17.800#,4752.6,4760.2,4702.8,5248.4,4294.4,2762,2749,4704.4,1,4704.8,1,4705.2,1,4707.4,1,4707.6,2,4709.0,2,4709.6,4,4709.8,1,4712.0,1,4714.0,1,4707.8
IC2503,,13:47:22.300#,4752.6,4760.2,4702.8,5248.4,4294.4,2762,2749,4704.4,1,4704.8,1,4705.2,1,4707.4,1,4707.6,2,4709.0,2,4709.6,3,4709.8,1,4712.0,1,4714.0,1,4707.8
IC2503,,13:47:23.300#,4752.6,4760.2,4702.8,5248.4,4294.4,2762,2749,4704.8,1,4705.2,1,4707.4,1,4707.6,2,4707.8,1,4709.0,2,4709.6,3,4712.0,1,4714.0,1,4718.2,5,4707.8
IC2503,,13:47:23.800#,4752.6,4760.2,4702.8,5248.4,4294.4,2762,2749,4704.8,1,4705.2,1,4707.4,1,4707.6,2,4707.8,1,4709.0,1,4709.6,1,4712.0,1,4714.0,1,4718.2,5,4707.8
IC2503,,13:47:24.300#,4752.6,4760.2,4702.8,5248.4,4294.4,2762,2749,4707.4,1,4707.6,2,4707.8,1,4708.0,1,4708.2,1,4709.0,1,4709.6,1,4712.0,1,4714.0,1,4718.2,5,4707.8
IC2503,,13:47:24.800#,4752.6,4760.2,4702.8,5248.4,4294.4,2763,2750,4705.2,1,4707.4,1,4707.6,2,4707.8,1,4708.2,1,4709.6,1,4712.0,1,4714.0,1,4718.2,5,4722.8,6,4709.0
IC2503,,13:47:25.300#,4752.6,4760.2,4702.8,5248.4,4294.4,2763,2750,4705.2,1,4707.4,1,4707.6,1,4708.4,1,4708.6,1,4712.0,1,4714.0,1,4718.2,5,4722.8,6,4724.2,1,4709.0
IC2503,,13:47:25.800#,4752.6,4760.2,4702.8,5248.4,4294.4,2763,2750,4704.8,1,4705.2,1,4707.4,1,4707.6,1,4708.6,1,4710.2,1,4710.4,1,4711.4,1,4711.6,3,4711.8,3,4709.0
IC2503,,13:47:26.300#,4752.6,4760.2,4702.8,5248.4,4294.4,2763,2750,4705.2,1,4707.4,1,4707.6,1,4708.8,3,4709.0,1,4710.4,1,4711.4,1,4711.6,3,4711.8,3,4712.0,1,4709.0
IC2503,,13:47:26.800#,4752.6,4760.2,4702.8,5248.4,4294.4,2763,2750,4707.6,1,4708.8,2,4709.0,1,4709.2,2,4709.4,1,4711.4,1,4711.6,2,4711.8,1,4712.0,1,4714.0,1,4709.0
IC2503,,13:47:27.300#,4752.6,4760.2,4702.8,5248.4,4294.4,2763,2750,4708.8,1,4709.2,2,4709.4,1,4709.6,1,4709.8,1,4711.2,4,4711.4,1,4711.6,1,4711.8,1,4712.0,1,4709.0
IC2503,,13:47:27.800#,4752.6,4760.2,4702.8,5248.4,4294.4,2763,2750,4708.8,1,4709.2,2,4709.4,1,4709.6,1,4709.8,1,4711.2,3,4711.4,1,4711.6,1,4711.8,1,4712.0,1,4709.0
IC2503,,13:47:28.300#,4752.6,4760.2,4702.8,5248.4,4294.4,2763,2750,4708.8,1,4709.2,2,4709.4,1,4709.6,1,4709.8,1,4711.2,2,4711.4,1,4711.6,1,4711.8,1,4712.0,1,4709.0
IC2503,,13:47:28.800#,4752.6,4760.2,4702.8,5248.4,4294.4,2763,2750,4707.4,1,4707.6,1,4708.8,1,4709.2,2,4709.6,1,4711.2,2,4711.4,1,4711.6,1,4711.8,1,4712.0,1,4709.0
IC2503,,13:47:29.300#,4752.6,4760.2,4702.8,5248.4,4294.4,2763,2750,4707.6,1,4708.8,1,4709.2,1,4709.6,1,4709.8,3,4711.2,1,4711.4,1,4711.6,1,4711.8,1,4712.0,1,4709.0
IC2503,,13:47:30.300#,4752.6,4760.2,4702.8,5248.4,4294.4,2763,2750,4707.6,1,4708.8,1,4709.2,1,4709.6,1,4709.8,2,4711.2,1,4711.4,1,4711.6,1,4711.8,1,4712.0,1,4709.0
IC2503,,13:47:33.800#,4752.6,4760.2,4702.8,5248.4,4294.4,2763,2750,4707.6,1,4708.8,1,4709.2,1,4709.6,1,4709.8,1,4711.2,1,4711.4,1,4711.6,1,4711.8,1,4712.0,1,4709.0
IC2503,,13:47:34.300#,4752.6,4760.2,4702.8,5248.4,4294.4,2763,2750,4707.4,1,4707.6,1,4708.8,1,4709.2,1,4709.6,1,4711.0,2,4711.2,1,4711.4,1,4711.6,1,4711.8,1,4709.0
IC2503,,13:47:34.800#,4752.6,4760.2,4702.8,5248.4,4294.4,2763,2750,4705.2,1,4707.4,1,4707.6,1,4708.8,1,4709.2,1,4711.0,2,4711.4,1,4711.6,1,4711.8,1,4712.0,1,4709.0
IC2503,,13:47:35.300#,4752.6,4760.2,4702.8,5248.4,4294.4,2763,2750,4707.4,1,4707.6,1,4708.8,1,4709.2,1,4709.4,2,4711.0,2,4711.4,1,4711.6,1,4711.8,1,4712.0,1,4709.0
IC2503,,13:47:35.800#,4752.6,4760.2,4702.8,5248.4,4294.4,2763,2750,4707.4,1,4707.6,1,4708.8,1,4709.2,1,4709.4,1,4710.8,1,4711.0,2,4711.4,1,4711.6,1,4711.8,1,4709.0
IC2503,,13:47:41.300#,4752.6,4760.2,4702.8,5248.4,4294.4,2764,2751,4707.4,1,4707.6,1,4708.8,1,4709.2,1,4709.4,1,4711.0,2,4711.4,1,4711.6,1,4711.8,1,4712.0,1,4710.8
IC2503,,13:47:41.800#,4752.6,4760.2,4702.8,5248.4,4294.4,2764,2751,4707.4,1,4707.6,1,4708.8,1,4709.2,1,4709.4,1,4710.8,1,4711.0,2,4711.4,1,4711.6,1,4711.8,1,4710.8
IC2503,,13:47:42.300#,4752.6,4760.2,4702.8,5248.4,4294.4,2764,2751,4707.4,1,4707.6,1,4708.8,1,4709.2,1,4709.4,1,4711.0,2,4711.4,1,4711.6,1,4711.8,1,4712.0,1,4710.8
IC2503,,13:47:42.800#,4752.6,4760.2,4702.8,5248.4,4294.4,2764,2751,4707.4,1,4707.6,1,4708.8,1,4709.2,1,4709.4,1,4710.8,1,4711.0,2,4711.4,1,4711.6,1,4711.8,1,4710.8
IC2503,,13:47:44.300#,4752.6,4760.2,4702.8,5248.4,4294.4,2764,2751,4707.4,1,4707.6,1,4708.8,1,4709.2,1,4709.4,1,4710.8,2,4711.0,2,4711.4,1,4711.6,1,4711.8,1,4710.8
IC2503,,13:47:44.800#,4752.6,4760.2,4702.8,5248.4,4294.4,2764,2751,4704.8,1,4705.2,1,4707.4,1,4707.6,1,4708.8,1,4710.6,1,4710.8,2,4711.0,1,4711.4,1,4711.6,1,4710.8
IC2503,,13:47:45.300#,4752.6,4760.2,4702.8,5248.4,4294.4,2764,2751,4704.8,1,4705.2,1,4707.4,1,4707.6,1,4709.0,1,4710.2,2,4710.4,2,4710.6,1,4710.8,2,4711.4,1,4710.8
IC2503,,13:47:45.800#,4752.6,4760.2,4702.8,5248.4,4294.4,2765,2752,4703.6,1,4704.8,1,4705.2,1,4707.4,1,4707.6,1,4710.0,1,4710.2,2,4710.4,2,4710.8,2,4711.4,1,4709.0
IC2503,,13:47:46.300#,4752.6,4760.2,4702.8,5248.4,4294.4,2765,2752,4704.8,1,4705.2,1,4707.4,1,4707.8,3,4708.0,1,4709.6,2,4709.8,1,4710.0,1,4710.2,1,4710.4,1,4709.0
IC2503,,13:47:46.800#,4752.6,4760.2,4702.8,5248.4,4294.4,2765,2752,4703.6,1,4704.8,1,4705.2,1,4707.4,1,4707.8,2,4709.2,1,4709.6,2,4709.8,1,4710.0,1,4710.4,1,4709.0
IC2503,,13:47:47.300#,4752.6,4760.2,4702.8,5248.4,4294.4,2765,2752,4703.6,1,4704.8,1,4705.2,1,4707.4,1,4707.8,2,4709.2,1,4709.6,1,4709.8,1,4710.0,1,4710.4,1,4709.0
IC2503,,13:47:48.300#,4752.6,4760.2,4702.8,5248.4,4294.4,2765,2752,4704.8,1,4705.2,1,4707.4,1,4707.8,2,4708.0,1,4709.6,1,4709.8,1,4710.0,1,4710.4,1,4710.8,2,4709.0
IC2503,,13:47:48.800#,4752.6,4760.2,4702.8,5248.4,4294.4,2765,2752,4707.4,1,4707.8,1,4708.0,1,4708.2,1,4708.4,1,4709.8,1,4710.0,1,4710.4,1,4710.8,2,4711.4,1,4709.0
IC2503,,13:47:49.300#,4752.6,4760.2,4702.8,5248.4,4294.4,2765,2752,4707.4,1,4708.0,1,4708.2,1,4708.4,1,4708.6,1,4709.8,2,4710.4,1,4710.8,1,4711.4,1,4711.6,1,4709.0
IC2503,,13:47:49.800#,4752.6,4760.2,4702.8,5248.4,4294.4,2765,2752,4704.8,1,4705.2,1,4707.4,1,4708.0,1,4708.4,1,4709.8,2,4710.4,1,4710.8,1,4711.4,1,4711.6,1,4709.0
IC2503,,13:47:50.800#,4752.6,4760.2,4702.8,5248.4,4294.4,2765,2752,4705.2,1,4707.4,1,4708.0,1,4708.4,1,4708.6,1,4709.8,1,4710.4,1,4710.8,1,4711.4,1,4711.6,1,4709.0
IC2503,,13:47:51.300#,4752.6,4760.2,4702.8,5248.4,4294.4,2765,2752,4703.6,1,4704.8,1,4705.2,1,4707.4,1,4708.0,1,4709.6,1,4709.8,1,4710.4,1,4710.8,1,4711.4,1,4709.0
IC2503,,13:47:51.800#,4752.6,4760.2,4702.8,5248.4,4294.4,2765,2752,4704.8,1,4705.2,1,4707.4,1,4708.2,3,4708.4,2,4709.6,1,4709.8,1,4710.4,1,4710.8,1,4711.4,1,4709.0
IC2503,,13:47:52.800#,4752.6,4760.2,4702.8,5248.4,4294.4,2765,2752,4704.8,1,4705.2,1,4707.4,1,4708.2,2,4708.4,2,4709.6,1,4709.8,1,4710.4,1,4710.8,1,4711.4,1,4709.0
IC2503,,13:47:54.300#,4752.6,4760.2,4702.8,5248.4,4294.4,2765,2752,4704.8,1,4705.2,1,4707.4,1,4708.2,2,4708.4,2,4709.6,2,4710.4,1,4710.8,1,4711.4,1,4711.6,1,4709.0
IC2503,,13:47:54.800#,4752.6,4760.2,4702.8,5248.4,4294.4,2766,2753,4704.8,1,4705.2,1,4707.4,1,4708.2,2,4708.4,1,4709.6,2,4710.4,1,4710.8,1,4711.4,1,4711.6,1,4708.4
IC2503,,13:47:57.300#,4752.6,4760.2,4702.8,5248.4,4294.4,2766,2753,4703.6,1,4704.8,1,4705.2,1,4707.4,1,4708.2,2,4709.6,2,4710.4,1,4710.8,1,4711.4,1,4711.6,1,4708.4
IC2503,,13:48:00.800#,4752.6,4760.2,4702.8,5248.4,4294.4,2766,2753,4703.6,1,4704.8,1,4705.2,1,4707.4,1,4708.2,2,4709.6,3,4710.4,1,4710.8,1,4711.4,1,4711.6,1,4708.4
IC2503,,13:48:01.800#,4752.6,4760.2,4702.8,5248.4,4294.4,2768,2755,4702.8,1,4703.6,1,4704.8,1,4705.2,1,4707.4,1,4709.4,1,4709.6,3,4710.4,1,4710.8,1,4711.4,1,4708.2
IC2503,,13:48:02.300#,4752.6,4760.2,4702.8,5248.4,4294.4,2768,2755,4703.6,1,4704.8,1,4705.2,1,4707.4,1,4707.6,1,4708.6,1,4709.0,3,4709.2,1,4709.4,1,4709.6,3,4708.2
IC2503,,13:48:02.800#,4752.6,4760.2,4702.8,5248.4,4294.4,2769,2756,4701.2,1,4702.8,1,4703.6,1,4704.8,1,4705.2,1,4708.6,1,4709.0,3,4709.2,1,4709.4,1,4709.6,3,4707.6
IC2503,,13:48:03.300#,4752.6,4760.2,4702.8,5248.4,4294.4,2769,2756,4705.2,1,4705.4,4,4705.6,2,4706.2,1,4706.6,1,4708.2,3,4709.0,1,4709.2,1,4709.4,1,4709.6,3,4707.6
IC2503,,13:48:03.800#,4752.6,4760.2,4702.8,5248.4,4294.4,2770,2757,4704.8,1,4705.2,1,4705.4,1,4705.6,2,4706.2,1,4708.2,3,4709.0,1,4709.2,1,4709.4,1,4709.6,3,4708.0
IC2503,,13:48:04.300#,4752.6,4760.2,4702.8,5248.4,4294.4,2770,2757,4705.2,1,4705.6,1,4706.4,2,4706.6,3,4706.8,2,4708.2,1,4709.0,1,4709.2,1,4709.4,1,4709.6,2,4708.0
IC2503,,13:48:04.800#,4752.6,4760.2,4702.8,5248.4,4294.4,2770,2757,4704.8,1,4705.2,1,4706.4,2,4706.6,3,4706.8,1,4708.0,1,4708.2,1,4709.0,1,4709.2,1,4709.4,1,4708.0
IC2503,,13:48:05.300#,4752.6,4760.2,4702.8,5248.4,4294.4,2770,2757,4704.8,1,4705.2,1,4706.4,2,4706.6,2,4706.8,1,4708.2,1,4709.0,1,4709.2,1,4709.4,1,4709.6,2,4708.0
IC2503,,13:48:05.800#,4752.6,4760.2,4702.8,5248.4,4294.4,2770,2757,4703.6,1,4704.8,1,4705.2,1,4706.4,2,4706.8,1,4708.0,3,4708.2,1,4709.0,1,4709.2,1,4709.4,1,4708.0
IC2503,,13:48:06.800#,4752.6,4760.2,4702.8,5248.4,4294.4,2771,2758,4701.2,1,4702.8,1,4703.6,1,4704.8,1,4705.2,1,4706.6,2,4707.2,1,4707.8,1,4708.0,2,4708.2,1,4706.8
IC2503,,13:48:07.300#,4752.6,4760.2,4702.8,5248.4,4294.4,2772,2759,4702.8,1,4703.6,1,4704.8,1,4705.2,1,4705.4,1,4706.6,2,4707.2,1,4707.8,1,4708.0,2,4708.2,1,4706.6
IC2503,,13:48:07.800#,4752.6,4760.2,4702.8,5248.4,4294.4,2772,2759,4702.8,1,4703.6,1,4704.8,1,4705.2,1,4705.4,3,4706.6,2,4707.2,1,4707.8,1,4708.0,2,4708.2,1,4706.6
IC2503,,13:48:08.300#,4752.6,4760.2,4702.8,5248.4,4294.4,2772,2759,4702.8,1,4703.6,1,4704.8,1,4705.2,1,4705.4,2,4706.6,1,4707.2,1,4707.8,1,4708.0,2,4708.2,1,4706.6
IC2503,,13:48:08.800#,4752.6,4760.2,4702.8,5248.4,4294.4,2773,2760,4702.8,1,4703.6,1,4704.8,1,4705.2,1,4705.4,1,4706.6,1,4707.2,1,4707.8,1,4708.0,2,4708.2,1,4705.4
IC2503,,13:48:09.300#,4752.6,4760.2,4702.8,5248.4,4294.4,2775,2762,4702.8,1,4703.6,1,4704.8,1,4705.2,1,4705.4,1,4707.2,1,4707.8,1,4708.0,2,4709.0,1,4709.4,1,4706.6
IC2503,,13:48:09.800#,4752.6,4760.2,4702.8,5248.4,4294.4,2775,2762,4704.8,1,4705.2,1,4705.4,1,4705.6,4,4705.8,1,4707.2,1,4707.8,1,4708.0,2,4709.0,1,4709.4,1,4706.6
IC2503,,13:48:10.300#,4752.6,4760.2,4702.8,5248.4,4294.4,2775,2762,4705.2,1,4705.4,1,4705.6,3,4705.8,1,4706.0,1,4707.8,1,4708.0,2,4709.0,1,4709.4,1,4709.6,2,4706.6
IC2503,,13:48:10.800#,4752.6,4760.2,4702.8,5248.4,4294.4,2775,2762,4705.2,1,4705.4,1,4705.6,2,4706.0,1,4706.2,1,4707.6,2,4707.8,1,4708.0,2,4709.0,1,4709.4,1,4706.6
IC2503,,13:48:11.300#,4752.6,4760.2,4702.8,5248.4,4294.4,2775,2762,4704.8,1,4705.2,1,4705.4,1,4705.6,2,4706.2,1,4707.6,1,4707.8,1,4708.0,2,4709.0,1,4709.4,1,4706.6
IC2503,,13:48:11.800#,4752.6,4760.2,4702.8,5248.4,4294.4,2775,2762,4703.6,1,4704.8,1,4705.2,1,4705.4,1,4705.6,2,4707.2,1,4707.4,2,4707.6,1,4707.8,1,4708.0,1,4706.6
IC2503,,13:48:12.300#,4752.6,4760.2,4702.8,5248.4,4294.4,2775,2762,4703.6,1,4704.8,1,4705.2,1,4705.4,1,4705.6,1,4706.8,1,4707.0,1,4707.2,1,4707.4,2,4707.8,1,4706.6
IC2503,,13:48:12.800#,4752.6,4760.2,4702.8,5248.4,4294.4,2776,2763,4701.2,1,4702.8,1,4703.6,1,4704.8,1,4705.2,1,4706.8,1,4707.0,3,4707.4,1,4707.8,1,4708.0,1,4706.6
IC2503,,13:48:13.300#,4752.6,4760.2,4702.8,5248.4,4294.4,2776,2763,4701.2,1,4702.8,1,4703.6,1,4704.8,1,4705.2,1,4706.4,1,4706.6,1,4707.0,2,4707.8,1,4708.0,1,4706.6
IC2503,,13:48:13.800#,4752.6,4760.2,4702.8,5248.4,4294.4,2777,2764,4701.2,1,4702.8,1,4703.6,1,4704.8,1,4705.2,1,4707.0,2,4707.8,1,4708.0,1,4709.0,1,4709.4,1,4706.4
IC2503,,13:48:14.300#,4752.6,4760.2,4702.8,5248.4,4294.4,2777,2764,4701.2,1,4702.8,1,4703.6,1,4704.8,1,4705.2,1,4706.8,2,4707.0,2,4707.8,1,4708.0,1,4709.0,1,4706.4
IC2503,,13:48:14.800#,4752.6,4760.2,4702.8,5248.4,4294.4,2777,2764,4703.6,1,4704.8,1,4705.2,1,4705.4,1,4706.0,1,4706.8,2,4707.0,2,4707.8,1,4708.0,1,4709.0,1,4706.4
IC2503,,13:48:15.300#,4752.6,4760.2,4702.8,5248.4,4294.4,2778,2765,4702.8,1,4703.6,1,4704.8,1,4705.2,1,4705.4,1,4706.8,1,4707.0,2,4707.8,1,4708.0,1,4709.0,1,4706.0
IC2503,,13:48:16.300#,4752.6,4760.2,4702.8,5248.4,4294.4,2778,2765,4702.8,1,4703.6,1,4704.8,1,4705.2,1,4705.4,1,4707.0,2,4707.8,1,4708.0,1,4709.0,1,4709.4,1,4706.0
IC2503,,13:48:17.800#,4752.6,4760.2,4702.8,5248.4,4294.4,2779,2766,4702.8,1,4703.6,1,4704.8,1,4705.2,1,4705.4,1,4707.0,2,4707.8,1,4708.0,1,4709.0,1,4709.4,1,4705.6
IC2503,,13:48:18.300#,4752.6,4760.2,4702.8,5248.4,4294.4,2779,2766,4702.8,1,4703.6,1,4704.8,1,4705.2,1,4705.4,1,4706.8,2,4707.0,1,4707.8,1,4708.0,1,4709.0,1,4705.6
IC2503,,13:48:19.800#,4752.6,4760.2,4702.8,5248.4,4294.4,2781,2768,4700.0,1,4701.2,1,4702.8,1,4703.6,1,4704.8,1,4706.8,2,4707.0,1,4707.8,1,4708.0,1,4709.0,1,4705.2
IC2503,,13:48:20.300#,4752.6,4760.2,4702.8,5248.4,4294.4,2781,2768,4701.2,1,4702.8,1,4703.6,1,4704.8,1,4705.0,1,4706.4,1,4706.6,1,4706.8,1,4707.0,1,4708.0,1,4705.2
IC2503,,13:48:20.800#,4752.6,4760.2,4702.8,5248.4,4294.4,2781,2768,4700.0,1,4701.2,1,4702.8,1,4704.8,1,4705.0,1,4706.6,1,4706.8,1,4707.0,1,4708.0,1,4709.0,1,4705.2
IC2503,,13:48:22.300#,4752.6,4760.2,4702.8,5248.4,4294.4,2781,2768,4700.0,1,4701.2,1,4702.8,1,4704.8,1,4705.0,1,4706.4,1,4706.6,1,4707.0,1,4708.0,1,4709.0,1,4705.2
IC2503,,13:48:24.800#,4752.6,4760.2,4702.8,5248.4,4294.4,2781,2768,4695.4,6,4700.0,1,4701.2,1,4702.8,1,4704.8,1,4706.4,1,4706.6,1,4707.0,1,4708.0,1,4709.0,1,4705.2
IC2503,,13:48:25.800#,4752.6,4760.2,4702.8,5248.4,4294.4,2781,2768,4700.0,1,4701.2,1,4702.8,1,4704.8,1,4705.0,1,4706.4,1,4706.6,1,4707.0,1,4708.0,1,4709.0,1,4705.2
IC2503,,13:48:27.300#,4752.6,4760.2,4702.8,5248.4,4294.4,2781,2768,4700.0,1,4701.2,1,4702.8,1,4704.8,1,4705.0,1,4706.4,1,4706.6,1,4708.0,1,4709.0,1,4709.4,1,4705.2
IC2503,,13:48:27.800#,4752.6,4760.2,4702.8,5248.4,4294.4,2782,2769,4695.4,6,4700.0,1,4701.2,1,4702.8,1,4704.8,1,4706.4,2,4706.6,1,4708.0,1,4709.0,1,4709.4,1,4705.0
IC2503,,13:48:28.300#,4752.6,4760.2,4702.8,5248.4,4294.4,2783,2770,4700.0,1,4701.2,1,4702.8,1,4704.8,1,4705.0,1,4706.4,1,4706.6,1,4708.0,1,4709.0,1,4709.4,1,4706.4
IC2503,,13:48:28.800#,4752.6,4760.2,4702.8,5248.4,4294.4,2783,2770,4701.2,1,4702.8,1,4704.8,1,4705.0,1,4705.2,1,4706.4,1,4708.0,1,4709.0,1,4709.4,1,4709.6,1,4706.4
IC2503,,13:48:29.300#,4752.6,4760.2,4702.8,5248.4,4294.4,2784,2771,4701.2,1,4702.8,1,4704.8,1,4705.0,1,4705.2,1,4708.0,1,4709.0,1,4709.4,1,4709.6,1,4710.4,1,4706.4
IC2503,,13:48:29.800#,4752.6,4760.2,4702.8,5248.4,4294.4,2784,2771,4701.2,1,4702.8,1,4704.8,1,4705.0,1,4705.2,1,4706.8,1,4707.4,1,4707.6,1,4707.8,3,4708.0,1,4706.4
IC2503,,13:48:30.300#,4752.6,4760.2,4702.8,5248.4,4294.4,2784,2771,4701.2,1,4702.8,1,4704.8,1,4705.0,1,4705.2,1,4706.8,1,4707.4,1,4707.6,1,4707.8,2,4708.0,1,4706.4
IC2503,,13:48:31.300#,4752.6,4760.2,4702.8,5248.4,4294.4,2784,2771,4701.2,1,4702.8,1,4704.8,1,4705.0,1,4705.2,1,4706.8,1,4707.6,1,4707.8,2,4708.0,1,4709.0,1,4706.4
IC2503,,13:48:32.300#,4752.6,4760.2,4702.8,5248.4,4294.4,2784,2771,4701.2,1,4702.8,1,4704.8,1,4705.0,1,4705.2,1,4706.6,1,4706.8,1,4707.8,2,4708.0,1,4709.0,1,4706.4
IC2503,,13:48:32.800#,4752.6,4760.2,4702.8,5248.4,4294.4,2784,2771,4701.2,1,4702.8,1,4704.8,1,4705.0,1,4705.2,1,4706.8,1,4707.8,2,4708.0,1,4709.0,1,4709.4,1,4706.4
IC2503,,13:48:33.300#,4752.6,4760.2,4702.8,5248.4,4294.4,2784,2771,4701.2,1,4702.8,1,4704.8,1,4705.0,1,4705.2,1,4707.8,2,4708.0,1,4709.0,1,4709.4,1,4709.6,1,4706.4
IC2503,,13:48:33.800#,4752.6,4760.2,4702.8,5248.4,4294.4,2784,2771,4702.8,1,4704.8,1,4705.0,1,4705.2,1,4705.4,1,4707.0,1,4707.2,1,4707.4,1,4707.6,2,4707.8,1,4706.4
IC2503,,13:48:34.300#,4752.6,4760.2,4702.8,5248.4,4294.4,2784,2771,4702.8,1,4704.8,1,4705.0,1,4705.2,1,4705.4,1,4707.0,1,4707.2,1,4707.4,1,4707.6,1,4707.8,1,4706.4
IC2503,,13:48:34.800#,4752.6,4760.2,4702.8,5248.4,4294.4,2784,2771,4701.2,1,4702.8,1,4704.8,1,4705.0,1,4705.2,1,4707.0,1,4707.2,1,4707.4,1,4707.6,1,4707.8,1,4706.4
IC2503,,13:48:35.300#,4752.6,4760.2,4702.8,5248.4,4294.4,2784,2771,4702.8,1,4704.8,1,4705.0,1,4705.2,1,4705.4,1,4706.8,1,4707.0,1,4707.2,1,4707.6,1,4707.8,1,4706.4
IC2503,,13:48:42.300#,4752.6,4760.2,4702.8,5248.4,4294.4,2784,2771,4704.8,1,4705.0,1,4705.2,1,4705.4,1,4706.0,1,4706.8,1,4707.0,1,4707.2,1,4707.6,1,4707.8,1,4706.4
IC2503,,13:48:44.300#,4752.6,4760.2,4702.8,5248.4,4294.4,2784,2771,4702.8,1,4704.8,1,4705.2,1,4705.4,1,4706.0,1,4707.0,1,4707.2,1,4707.6,1,4707.8,1,4708.0,1,4706.4
IC2503,,13:48:49.300#,4752.6,4760.2,4702.8,5248.4,4294.4,2784,2771,4702.8,1,4704.8,1,4705.4,1,4706.0,1,4706.2,1,4707.0,1,4708.0,1,4709.0,1,4709.4,1,4709.6,1,4706.4
IC2503,,13:48:49.800#,4752.6,4760.2,4702.8,5248.4,4294.4,2785,2772,4705.4,1,4706.0,1,4706.2,1,4706.4,1,4707.0,1,4709.0,1,4709.4,1,4709.6,1,4710.4,1,4710.8,1,4707.0
IC2503,,13:48:50.300#,4752.6,4760.2,4702.8,5248.4,4294.4,2786,2773,4704.8,1,4705.4,1,4706.0,1,4706.2,1,4706.4,1,4708.2,1,4708.4,1,4708.6,1,4708.8,6,4709.0,1,4707.0
IC2503,,13:48:50.800#,4752.6,4760.2,4702.8,5248.4,4294.4,2786,2773,4702.8,1,4704.8,1,4705.4,1,4706.0,1,4706.4,1,4708.0,2,4708.2,1,4708.4,1,4708.8,4,4709.0,1,4707.0
IC2503,,13:48:51.300#,4752.6,4760.2,4702.8,5248.4,4294.4,2786,2773,4702.8,1,4704.8,1,4705.4,1,4706.0,1,4706.4,1,4708.0,3,4708.2,1,4708.4,1,4708.8,4,4709.0,1,4707.0
IC2503,,13:48:53.800#,4752.6,4760.2,4702.8,5248.4,4294.4,2786,2773,4701.2,1,4702.8,1,4704.8,1,4705.4,1,4706.0,1,4708.0,3,4708.2,1,4708.4,1,4708.8,4,4709.0,1,4707.0
IC2503,,13:48:54.300#,4752.6,4760.2,4702.8,5248.4,4294.4,2786,2773,4701.2,1,4702.8,1,4704.8,1,4705.4,1,4706.0,1,4707.6,1,4708.0,3,4708.2,1,4708.4,1,4708.8,4,4707.0
IC2503,,13:48:54.800#,4752.6,4760.2,4702.8,5248.4,4294.4,2786,2773,4701.2,1,4702.8,1,4704.8,1,4705.4,1,4706.0,1,4707.6,1,4708.0,2,4708.2,1,4708.4,1,4708.8,4,4707.0
IC2503,,13:48:55.300#,4752.6,4760.2,4702.8,5248.4,4294.4,2786,2773,4702.8,1,4704.8,1,4705.4,1,4706.0,1,4706.2,1,4708.0,2,4708.2,1,4708.4,1,4708.8,4,4709.0,1,4707.0
IC2503,,13:48:55.800#,4752.6,4760.2,4702.8,5248.4,4294.4,2787,2774,4701.2,1,4702.8,1,4704.8,1,4705.4,1,4706.0,1,4707.8,1,4708.0,2,4708.2,1,4708.4,1,4708.8,4,4706.2
IC2503,,13:48:56.300#,4752.6,4760.2,4702.8,5248.4,4294.4,2787,2774,4702.8,1,4704.8,1,4705.4,1,4706.0,1,4706.2,1,4707.6,1,4707.8,1,4708.0,1,4708.2,1,4708.4,1,4706.2
IC2503,,13:48:56.800#,4752.6,4760.2,4702.8,5248.4,4294.4,2788,2775,4702.8,1,4704.8,1,4705.4,1,4706.0,1,4706.2,1,4707.8,1,4708.0,1,4708.2,1,4708.4,1,4708.8,4,4707.6
IC2503,,13:48:57.800#,4752.6,4760.2,4702.8,5248.4,4294.4,2788,2775,4704.8,1,4705.4,1,4706.0,1,4706.2,1,4706.4,1,4707.8,1,4708.0,1,4708.2,1,4708.4,1,4708.8,4,4707.6
IC2503,,13:48:58.300#,4752.6,4760.2,4702.8,5248.4,4294.4,2788,2775,4704.8,1,4705.4,1,4706.0,1,4706.2,1,4706.4,1,4708.0,1,4708.2,1,4708.4,1,4708.8,4,4709.0,1,4707.6
IC2503,,13:48:59.300#,4752.6,4760.2,4702.8,5248.4,4294.4,2788,2775,4704.8,1,4705.4,1,4706.0,1,4706.2,1,4706.4,1,4708.2,1,4708.4,1,4708.8,4,4709.0,1,4709.4,1,4707.6
IC2503,,13:48:59.800#,4752.6,4760.2,4702.8,5248.4,4294.4,2788,2775,4704.8,1,4705.4,1,4706.0,1,4706.2,1,4706.4,1,4708.0,2,4708.2,1,4708.4,1,4708.8,4,4709.0,1,4707.6
IC2503,,13:49:00.800#,4752.6,4760.2,4702.8,5248.4,4294.4,2788,2775,4704.8,1,4705.4,1,4706.0,1,4706.2,1,4706.4,1,4708.0,3,4708.2,1,4708.4,1,4708.8,4,4709.0,1,4707.6
IC2503,,13:49:02.300#,4752.6,4760.2,4702.8,5248.4,4294.4,2788,2775,4704.8,1,4705.4,1,4706.0,1,4706.2,1,4706.4,1,4707.8,1,4708.0,3,4708.2,1,4708.4,1,4708.8,4,4707.6
IC2503,,13:49:02.800#,4752.6,4760.2,4702.8,5248.4,4294.4,2788,2775,4704.8,1,4705.4,1,4706.0,1,4706.2,1,4706.4,1,4707.8,1,4708.0,2,4708.2,1,4708.4,1,4708.8,4,4707.6
IC2503,,13:49:03.300#,4752.6,4760.2,4702.8,5248.4,4294.4,2788,2775,4704.8,1,4705.4,1,4706.0,1,4706.2,1,4706.4,1,4707.6,1,4707.8,1,4708.0,2,4708.4,1,4708.8,4,4707.6
IC2503,,13:49:03.800#,4752.6,4760.2,4702.8,5248.4,4294.4,2788,2775,4704.8,1,4705.4,1,4706.0,1,4706.2,1,4706.4,1,4707.6,2,4707.8,1,4708.0,2,4708.4,1,4708.8,4,4707.6
IC2503,,13:49:07.800#,4752.6,4760.2,4702.8,5248.4,4294.4,2788,2775,4704.8,1,4705.4,1,4706.0,1,4706.2,1,4706.4,1,4707.6,1,4707.8,1,4708.0,2,4708.4,1,4708.8,4,4707.6
IC2503,,13:49:08.300#,4752.6,4760.2,4702.8,5248.4,4294.4,2788,2775,4704.8,1,4705.4,1,4706.0,1,4706.2,1,4706.4,1,4707.6,1,4708.0,2,4708.4,1,4708.8,4,4709.0,1,4707.6
IC2503,,13:49:18.300#,4752.6,4760.2,4702.8,5248.4,4294.4,2789,2776,4702.8,1,4704.8,1,4705.4,1,4706.0,1,4706.2,1,4707.6,1,4708.0,2,4708.4,1,4708.8,4,4709.0,1,4706.4
IC2503,,13:49:19.300#,4752.6,4760.2,4702.8,5248.4,4294.4,2789,2776,4701.2,1,4702.8,1,4704.8,1,4705.4,1,4706.0,1,4707.4,2,4707.6,1,4708.0,2,4708.4,1,4708.8,4,4706.4
IC2503,,13:49:19.800#,4752.6,4760.2,4702.8,5248.4,4294.4,2789,2776,4701.2,1,4702.8,1,4704.8,1,4705.4,1,4706.0,1,4707.2,1,4707.4,2,4707.6,1,4708.0,2,4708.4,1,4706.4
IC2503,,13:49:23.300#,4752.6,4760.2,4702.8,5248.4,4294.4,2790,2777,4701.0,1,4701.2,1,4702.8,1,4704.8,1,4705.4,1,4707.0,1,4707.2,1,4707.4,1,4707.6,1,4708.0,2,4706.0
IC2503,,13:49:23.800#,4752.6,4760.2,4702.8,5248.4,4294.4,2790,2777,4701.0,1,4701.2,1,4702.8,1,4704.8,1,4705.6,1,4707.0,1,4707.2,1,4707.4,1,4707.6,1,4708.0,2,4706.0
IC2503,,13:49:24.300#,4752.6,4760.2,4702.8,5248.4,4294.4,2790,2777,4701.0,1,4701.2,1,4702.8,1,4704.8,1,4705.6,1,4707.0,1,4707.2,1,4707.6,1,4708.0,2,4708.4,1,4706.0
IC2503,,13:49:29.800#,4752.6,4760.2,4702.8,5248.4,4294.4,2790,2777,4700.0,1,4701.0,1,4701.2,1,4702.8,1,4704.8,1,4707.0,1,4707.2,1,4707.6,1,4708.0,2,4708.4,1,4706.0
